id,latitude,longitude,area(mÂ²),bioma
132,2.21,-60.79,1230016.1482771619,Amazonia
133,0.77,-60.36,1230799.0284756538,Amazonia
136,-1.69,-53.63,1230386.1175356582,Amazonia
138,-3.595,-38.87,2457099.3975794157,Caatinga
139,-3.65,-42.8,3685431.068967473,Cerrado
140,-3.655,-43.035,3685417.7745848633,Cerrado
141,-3.845,-42.92,2456421.015857614,Cerrado
142,-4.24,-47.78,1227628.1865131792,Amazonia
143,-4.64,-43.565,2453961.176419373,Cerrado
144,-4.67,-41.99,1226929.6701658666,Cerrado
145,-4.71,-43.115,2453722.5396905076,Cerrado
146,-4.745,-43.14,2453601.874576537,Cerrado
148,-5.85,-43.52,1224667.1496933447,Cerrado
149,-5.86,-43.53,1224645.8120241822,Cerrado
150,-5.985,-45.26,4897504.079981356,Cerrado
151,-6.05,-46.61,1224233.4909337289,Cerrado
152,-6.16,-45.245,2447977.5656161183,Cerrado
153,-6.348333,-42.415,8565005.73804451,Cerrado
154,-6.336429,-42.445,3670759.688827898,Cerrado
155,-6.385,-44.1,2446949.094192857,Cerrado
156,-6.405,-50.32,4893711.790918387,Amazonia
157,-6.58,-51.09,1223014.0113772503,Amazonia
158,-6.59,-51.1,1222990.021720809,Amazonia
159,-6.625,-42.255,4891623.069860002,Cerrado
160,-6.698333,-47.525,6113594.234696438,Cerrado
161,-6.7,-47.595,2445447.478529193,Cerrado
162,-6.72,-47.565,2445349.70463717,Cerrado
163,-6.745,-47.465,3667852.8899616813,Cerrado
164,-6.744375,-47.55,11003558.524679735,Cerrado
165,-6.76,-44.385,2445153.285614695,Cerrado
166,-6.849,-48.303,11001106.985986397,Amazonia
167,-6.905,-47.62,12222157.459210679,Cerrado
168,-6.91,-47.81,3666609.554425268,Cerrado
169,-6.93,-43.79,6110763.8308457695,Cerrado
171,-6.98,-43.77,1222026.109917732,Cerrado
172,-6.99,-43.78,1222000.6683549602,Cerrado
173,-7.029545,-43.595909,15884629.328844678,Cerrado
174,-7.05,-42.94,1221847.256989713,Cerrado
175,-7.06,-43.565,2443643.1228811867,Cerrado
176,-7.06,-42.95,1221821.5614384029,Cerrado
179,-7.165,-47.15,2443099.12642433,Cerrado
180,-7.17,-47.07,1221536.515902016,Cerrado
181,-7.178333,-44.605,6107525.721608777,Cerrado
182,-7.18,-47.08,1221510.3850107847,Cerrado
184,-7.32,-44.135,2442281.4879169124,Cerrado
185,-7.34,-44.14,1221087.3578000495,Cerrado
186,-7.345,-43.835,4884295.93624761,Cerrado
187,-7.35,-44.12,1221060.6103215648,Cerrado
190,-7.38,-44.555,4883920.564979203,Cerrado
191,-7.39,-44.17,3662859.7370835138,Cerrado
192,-7.392,-44.142,8546672.695683101,Cerrado
193,-7.47,-47.81,1220736.8121829426,Cerrado
194,-7.475,-45.35,2441446.4055032665,Cerrado
195,-7.48,-47.82,1220709.5933192286,Cerrado
196,-7.55,-44.62,1220518.046160244,Cerrado
197,-7.565,-44.605,4881907.058794794,Cerrado
198,-7.599,-44.541,10983448.689222926,Cerrado
199,-7.677,-44.165,20742986.310524974,Cerrado
206,-7.765,-48.133889,6099578.928037825,Cerrado
207,-7.81,-48.345,2439582.0702739554,Cerrado
208,-7.859,-45.643,10976807.046210809,Cerrado
210,-7.884091,-47.020455,9756614.034783125,Cerrado
211,-7.91,-47.02,1219504.892646901,Cerrado
212,-7.93,-47.0,7316625.568196218,Cerrado
214,-7.975,-44.41,4877267.810941128,Cerrado
215,-7.98,-44.4,1219302.4373025212,Cerrado
216,-7.98,-44.38,6096512.150286579,Cerrado
217,-7.99,-44.4,1219273.3702093293,Cerrado
218,-7.998333,-48.036111,9753983.129826635,Cerrado
219,-8.005,-46.54,2438459.394255782,Cerrado
220,-8.02,-47.19,1219185.9516053502,Cerrado
221,-8.03,-47.78,1219156.7396277625,Cerrado
222,-8.04,-47.765,2438254.982861437,Cerrado
223,-8.04,-47.18,7314794.160558613,Cerrado
224,-8.055,-44.561667,18286297.00028712,Cerrado
225,-8.06,-41.735,2438137.7727565253,Caatinga
228,-8.11,-44.695,2437843.479894335,Cerrado
231,-8.13,-44.7,1218862.6278672332,Cerrado
233,-8.14,-44.71,1218833.0175128682,Cerrado
234,-8.135,-44.658333,8531890.343297713,Cerrado
235,-8.185,-46.605,3656112.8504535216,Cerrado
236,-8.200385,-48.215769,8530611.955847949,Cerrado
237,-8.215,-44.795,4874439.124267696,Cerrado
238,-8.22,-48.2,3655784.4931430886,Cerrado
239,-8.225,-45.38,2437159.7258520843,Cerrado
240,-8.245,-44.47,2437039.836043012,Cerrado
241,-8.265,-44.455,3655394.5254273256,Cerrado
242,-8.286053,-45.235,17057714.2386553,Cerrado
243,-8.320556,-45.296111,12182847.281927647,Cerrado
244,-8.335,-36.58,2436496.747762537,Caatinga
245,-8.34,-44.13,1218233.2066442438,Caatinga
246,-8.355,-48.28,2436375.2650684686,Cerrado
247,-8.35,-44.145,2436405.671938715,Caatinga
248,-8.375,-45.08,2436253.4927907092,Cerrado
249,-8.383,-44.917,13399104.331579715,Cerrado
250,-8.4,-49.6,1218050.439649191,Cerrado
252,-8.435,-47.661667,6089731.44472388,Cerrado
253,-8.425,-47.579,9743729.752027974,Cerrado
254,-8.445,-49.765,4871650.019120301,Cerrado
255,-8.468333,-46.355,6089146.945913151,Cerrado
256,-8.495,-46.375,4871033.557227227,Cerrado
257,-8.51,-47.66,1217711.9827697782,Cerrado
258,-8.525,-49.795,4870661.943073782,Cerrado
259,-8.52,-49.745,2435361.993663639,Cerrado
260,-8.52,-47.65,1217680.9968318194,Cerrado
261,-8.54,-49.81,1217618.916398298,Cerrado
262,-8.555,-47.355,4870289.026253194,Cerrado
263,-8.57,-47.06,1217525.5243638651,Cerrado
264,-8.556538,-46.153462,9740484.515744183,Cerrado
265,-8.58,-47.05,1217494.321321652,Cerrado
266,-8.58,-40.63,1217494.3213227473,Caatinga
267,-8.59,-47.06,1217463.0820983176,Cerrado
268,-8.59,-40.62,1217463.0820983176,Caatinga
269,-8.59625,-45.269375,18261351.16664182,Cerrado
270,-8.6,-45.22,3652295.4200739167,Cerrado
271,-8.625,-45.203571,15825578.866112916,Cerrado
272,-8.651154,-46.137308,9738136.038601201,Cerrado
273,-8.663,-45.697,20692822.167047456,Cerrado
274,-8.685,-48.055,4868658.002183863,Cerrado
275,-8.705,-46.1,2434202.452413247,Cerrado
276,-8.705,-46.08,2434202.452408866,Cerrado
277,-8.75,-48.35,3650875.003358507,Cerrado
278,-8.765,-48.165,3650747.5504091703,Cerrado
279,-8.765,-47.97,2433821.070151035,Cerrado
280,-8.775,-48.365,3650651.843155345,Cerrado
281,-8.79,-44.65,1216830.7006683531,Cerrado
282,-8.8,-46.23,1216798.7018057548,Cerrado
283,-8.796429,-44.635,3650428.104282053,Cerrado
284,-8.81,-46.24,1216766.666779559,Cerrado
285,-8.81625,-44.63125,6083705.049126576,Cerrado
286,-8.84,-50.3,1216670.3447117216,Amazonia
287,-8.84,-50.245,2433340.689427824,Amazonia
288,-8.85,-50.315,2433276.330064464,Amazonia
289,-8.86,-50.27,1216605.9491891451,Amazonia
290,-8.875,-46.1,2433115.106211069,Cerrado
291,-8.875,-46.08,2433115.1062088786,Cerrado
295,-8.905,-46.08,2432921.05180353,Cerrado
296,-8.903571,-46.745,4865874.46409687,Cerrado
297,-8.93,-44.325,2432758.8516786788,Cerrado
300,-8.955,-46.135,3648910.5610006033,Cerrado
302,-8.97,-49.9675,8513744.2471061,Cerrado
303,-8.965,-46.11,2432530.990541923,Cerrado
304,-8.97,-45.57,13378740.71184667,Cerrado
305,-8.975,-39.840714,13378642.979601162,Caatinga
306,-8.980714,-50.060714,9729699.551973725,Amazonia
307,-8.995,-49.94,2432334.9837689046,Cerrado
308,-8.990455,-46.920455,7297070.359205199,Cerrado
309,-8.99,-45.31,1216183.8528958657,Cerrado
310,-8.99,-40.545,2432367.7057917314,Caatinga
311,-9.0,-45.3,1216151.1308730387,Cerrado
312,-9.015,-49.5,4864407.90215594,Cerrado
313,-9.01,-46.885,2432236.745401705,Cerrado
314,-9.035,-49.21,7296217.887587449,Cerrado
315,-9.03,-46.865,2432105.4958124277,Cerrado
316,-9.06,-49.715,2431908.0792231774,Cerrado
317,-9.08,-46.735,2431776.1067014867,Cerrado
318,-9.076667,-46.4,13374867.4758985,Cerrado
319,-9.105,-49.441667,6079043.373318057,Cerrado
321,-9.146429,-50.215,3647001.153038815,Amazonia
322,-9.17,-61.4,1215589.3261456646,Amazonia
323,-9.18,-46.98,1215555.9535384295,Cerrado
324,-9.195,-48.43,4862056.734299152,Cerrado
325,-9.19,-48.06,1215522.5447960738,Cerrado
326,-9.2,-47.455,12154890.890767476,Cerrado
327,-9.22,-49.57,3646266.305268284,Cerrado
328,-9.2475,-47.0825,8507383.692276109,Cerrado
329,-9.241,-46.219,7292163.307656261,Cerrado
330,-9.24,-49.548571,9722873.225778911,Cerrado
331,-9.236429,-47.395,3646098.4666002886,Cerrado
332,-9.25,-47.13,1215321.333520843,Cerrado
333,-9.259,-48.275,7291725.994927562,Cerrado
334,-9.265,-47.12,2430541.6458792114,Cerrado
335,-9.27,-46.665,4861015.860022668,Cerrado
336,-9.26,-43.215,4861150.651242557,Caatinga
337,-9.253182,-47.162273,15799143.240495268,Cerrado
338,-9.275,-47.091667,4860914.694349284,Cerrado
339,-9.29,-45.56,1215186.470042761,Cerrado
340,-9.315,-45.567,13366137.50014911,Cerrado
341,-9.300714,-44.673571,10936306.181636266,Cerrado
342,-9.31,-48.465,2430237.6430648556,Cerrado
343,-9.306111,-48.123889,7290780.613834543,Cerrado
344,-9.31,-40.23,1215118.8215324278,Caatinga
345,-9.325,-49.52,2430135.9716104097,Cerrado
346,-9.32,-47.585,2430169.8861809243,Cerrado
347,-9.32,-45.59,1215084.9430904621,Cerrado
348,-9.32,-44.7,3645254.8292757673,Cerrado
349,-9.375,-49.641667,6074506.854679415,Cerrado
350,-9.385,-47.265,4859455.392697932,Cerrado
351,-9.405,-50.595,4859182.053311863,Amazonia
352,-9.41,-48.525,2429556.8231139816,Cerrado
353,-9.41,-47.395,2429556.8231139816,Cerrado
354,-9.413667,-50.823667,9718124.501234429,Amazonia
355,-9.43,-49.8,1214709.896117017,Cerrado
356,-9.441667,-50.445,6073412.196897299,Amazonia
357,-9.451667,-49.665,6073240.492964177,Cerrado
358,-9.455,-45.205,14575488.385352615,Cerrado
359,-9.450714,-49.790714,9717095.43334839,Cerrado
360,-9.45,-49.635,2429282.472428652,Cerrado
361,-9.455,-46.84,2429248.088299817,Cerrado
362,-9.455,-46.765,3643889.3245163336,Cerrado
363,-9.46,-49.68,1214606.8520876816,Cerrado
364,-9.46,-40.43,1214606.8520876816,Caatinga
365,-9.466111,-50.609444,4858324.147637721,Amazonia
366,-9.475,-46.83,2429110.4073469522,Cerrado
367,-9.481667,-40.345,6072724.297722364,Caatinga
368,-9.480833,-40.434167,7287193.324403225,Caatinga
369,-9.505,-49.72,2428903.3442194303,Cerrado
370,-9.505,-47.5,2428903.3442216213,Cerrado
371,-9.53,-63.125,2428730.3041236433,Amazonia
372,-9.535,-40.335,3643026.110148119,Caatinga
373,-9.555,-47.305,3642817.8193081985,Cerrado
374,-9.58,-49.86,1214191.425911334,Cerrado
375,-9.59,-50.42,1214156.5723687543,Amazonia
376,-9.59,-49.845,2428313.144735318,Cerrado
377,-9.595,-47.345,3642399.9378001504,Cerrado
378,-9.605,-46.86,2428208.439679911,Cerrado
379,-9.61,-40.335,2428173.5139295207,Caatinga
380,-9.628333,-40.595,4856102.15047157,Caatinga
381,-9.63,-49.82,1214016.797153908,Cerrado
382,-9.625,-49.843462,10926221.025890334,Cerrado
383,-9.655,-47.215,3641769.8663136666,Cerrado
384,-9.655,-40.61,2427858.279626027,Caatinga
385,-9.67,-50.675,2427752.888667067,Amazonia
386,-9.675,-49.725,4855435.420434541,Cerrado
387,-9.68,-50.69,1213841.2658848322,Amazonia
388,-9.71,-47.01,1213735.5139602034,Cerrado
389,-9.725,-49.635,3641065.2144667315,Cerrado
390,-9.72,-47.02,1213700.1911298349,Cerrado
391,-9.735,-48.44,2427294.2693967544,Cerrado
392,-9.755,-49.06,2427152.544974089,Cerrado
393,-9.77,-41.865,2427046.071196983,Caatinga
394,-9.785,-64.925,4853878.833968279,Amazonia
395,-9.8,-53.55,1213416.3092074099,Amazonia
396,-9.81,-53.54,1213380.6615694938,Amazonia
397,-9.825,-50.005,3639999.213733128,Cerrado
398,-9.85,-45.8,3639713.0944288042,Cerrado
399,-9.85,-47.375,2426475.4203430917,Cerrado
400,-9.86,-47.36,1213201.8821154165,Cerrado
401,-9.875,-49.355,4852592.27146013,Cerrado
402,-9.895,-48.45,2426152.3905368843,Cerrado
403,-9.91,-50.605,2426044.401245691,Amazonia
404,-9.91,-46.48,1213022.2006217502,Cerrado
405,-9.91,-46.46,1213022.2006228454,Cerrado
406,-9.92,-49.925,2425972.312177912,Cerrado
407,-9.92,-46.47,1212986.1560911466,Cerrado
408,-9.9225,-50.6275,10916730.938067097,Amazonia
409,-9.935,-50.615,3638777.993069972,Amazonia
410,-9.93,-50.61,1212950.075479091,Amazonia
411,-9.969,-47.333,9702479.29111361,Cerrado
412,-9.99,-50.6,1212732.8342660288,Amazonia
413,-9.985,-46.658333,13340060.816205988,Cerrado
414,-9.958824,-50.593824,43661604.462971315,Amazonia
415,-10.01,-46.69,1212660.1319504725,Cerrado
416,-10.026667,-53.68,10913394.784082398,Amazonia
417,-10.02,-46.7,1212623.726696255,Cerrado
418,-10.04,-49.12,1212550.8079730358,Cerrado
419,-10.05,-46.54,1212514.2945106057,Cerrado
420,-10.0625,-49.81,6062278.968162431,Cerrado
421,-10.075,-53.620714,4849728.015928208,Amazonia
422,-10.065,-46.773,14549440.074794242,Cerrado
423,-10.077381,-46.560238,24248456.75500393,Cerrado
424,-10.095,-51.855,3637066.9462980875,Amazonia
425,-10.09,-46.6,1212367.8800259887,Cerrado
426,-10.09,-46.27,3637103.640077966,Cerrado
427,-10.1,-46.59,1212331.1862472054,Cerrado
428,-10.12,-42.405,4849030.725961447,Caatinga
429,-10.126429,-46.450714,6061178.046648769,Cerrado
430,-10.14,-42.4,1212184.0505278425,Caatinga
431,-10.165,-46.860714,4848404.119092818,Cerrado
432,-10.181364,-46.965909,7272180.972969337,Cerrado
433,-10.196111,-46.759444,4847886.115302034,Cerrado
434,-10.21125,-47.001667,20602653.070314463,Cerrado
435,-10.235,-46.495,3635515.459058956,Cerrado
436,-10.24,-46.46,1211813.687315266,Cerrado
437,-10.25,-46.445,2423552.905420186,Cerrado
438,-10.26,-46.68,1211739.182056326,Cerrado
439,-10.250333,-46.014333,12117689.697399167,Cerrado
440,-10.27,-46.67,1211701.87535506,Cerrado
441,-10.305,-46.663,7269463.423977746,Cerrado
442,-10.3,-46.66,1211589.7389761272,Cerrado
443,-10.305,-46.640455,8480940.810312947,Cerrado
444,-10.3225,-46.725,21806740.34269994,Cerrado
445,-10.33,-46.71,1211477.278205849,Cerrado
446,-10.326111,-46.686111,6057423.913994694,Cerrado
447,-10.348333,-56.121667,8479852.392030643,Amazonia
448,-10.34,-50.725,2422879.4384011375,Amazonia
449,-10.336111,-49.493889,7268713.433213973,Cerrado
450,-10.34,-49.21,1211439.7192005687,Cerrado
451,-10.34,-46.495,2422879.4384011375,Cerrado
452,-10.34,-46.37,1211439.7191994735,Cerrado
453,-10.35,-50.745,2422804.2482977696,Amazonia
454,-10.35,-46.465,4845608.460565565,Cerrado
455,-10.344412,-46.340882,13325686.422871262,Cerrado
456,-10.36,-48.47,1211364.4930639407,Cerrado
457,-10.356429,-46.856429,8479664.344703512,Cerrado
458,-10.359,-46.221,6056860.060367006,Cerrado
459,-10.375,-48.64,2422615.948711531,Cerrado
460,-10.37,-48.485,2422653.6518783295,Cerrado
461,-10.38,-46.425,4845156.455056204,Cerrado
462,-10.381364,-49.627727,9690388.352480361,Cerrado
463,-10.385667,-46.825667,10901413.336891053,Cerrado
464,-10.39,-57.715,2422502.767144615,Amazonia
465,-10.389444,-49.579444,8478684.098504063,Cerrado
466,-10.385,-48.46,4845081.012691538,Cerrado
467,-10.4,-49.795,2422427.2166735954,Cerrado
468,-10.38875,-44.438125,18168732.654047567,Caatinga
469,-10.405,-48.45,4844778.810810747,Cerrado
470,-10.42,-49.81,1211137.9497605213,Cerrado
471,-10.42,-49.79,1211137.949759426,Cerrado
472,-10.41625,-48.48875,4844589.646349592,Cerrado
473,-10.42,-46.805,2422275.8995210426,Cerrado
474,-10.42,-46.29,1211137.9497583308,Cerrado
475,-10.435,-52.045,4844324.426941917,Amazonia
476,-10.43,-49.8,1211100.066421945,Cerrado
477,-10.43,-46.32,1211100.066421945,Cerrado
478,-10.44,-48.495,2422124.294100217,Cerrado
479,-10.440385,-46.304231,7266334.89086558,Cerrado
480,-10.46,-46.295,2421972.400428643,Cerrado
481,-10.47,-49.73,1210948.1727492758,Cerrado
482,-10.47,-47.735,2421896.3454985516,Cerrado
483,-10.475,-44.558333,6054626.673285414,Caatinga
484,-10.47,-42.425,2421896.3455029326,Caatinga
485,-10.48,-49.74,1210910.109260827,Cerrado
486,-10.467,-48.893,13320581.829973154,Cerrado
487,-10.48,-46.8,1210910.1092597318,Cerrado
488,-10.466212,-49.895909,58126906.84195191,Cerrado
489,-10.496765,-49.703824,25428120.66216416,Cerrado
490,-10.49,-49.605,7265232.022413497,Cerrado
491,-10.49,-48.58,1210872.0097402134,Cerrado
492,-10.49,-46.075,2421744.0194782363,Cerrado
493,-10.500556,-42.443889,9686670.921498675,Caatinga
494,-10.496429,-49.557857,13319363.293848677,Cerrado
495,-10.510556,-48.553889,9686441.928078132,Cerrado
496,-10.500714,-46.795,6054131.163364972,Cerrado
497,-10.5,-46.06,1210833.8741940064,Cerrado
498,-10.525,-48.83,2421476.746417875,Cerrado
499,-10.531667,-46.915,6053634.464595566,Cerrado
500,-10.526429,-52.085,3632195.997820795,Amazonia
501,-10.5225,-49.8125,14529204.238834396,Cerrado
502,-10.54,-48.39,3632042.879231949,Cerrado
503,-10.54,-49.84,1210680.971752149,Cerrado
504,-10.545,-46.075,3632004.5995899397,Cerrado
505,-10.55,-49.9,1210642.656082356,Cerrado
506,-10.55,-49.81,1210642.656082356,Cerrado
507,-10.546429,-49.729286,21791759.17171067,Cerrado
508,-10.55,-46.865,2421285.312164712,Cerrado
509,-10.57,-46.9,1210565.9166813237,Cerrado
510,-10.57,-46.88,1210565.916682419,Cerrado
511,-10.585,-49.405,3631544.019098896,Cerrado
512,-10.58,-48.285,2421054.9859023592,Cerrado
513,-10.58,-46.89,1210527.4929511796,Cerrado
514,-10.589545,-43.260455,6052445.129978999,Caatinga
516,-10.59625,-46.535,7262780.2161250925,Cerrado
517,-10.625,-46.545,4841416.543737321,Cerrado
518,-10.595741,-49.887222,36314053.010700494,Cerrado
519,-10.63,-46.625,12103348.23221364,Cerrado
520,-10.64,-46.97,1210296.194193858,Cerrado
521,-10.631667,-46.913333,93193108.1845757,Cerrado
522,-10.6375,-46.445,13313682.994213728,Cerrado
523,-10.633889,-49.833889,12103155.069068242,Cerrado
524,-10.655,-39.195,7261506.29019075,Caatinga
525,-10.656429,-52.085,3630695.131332193,Amazonia
526,-10.66,-46.91,1210218.8064909584,Cerrado
527,-10.66,-39.18,1210218.8064920537,Caatinga
528,-10.675,-48.365,3630501.391976639,Cerrado
529,-10.67,-46.95,1210180.0586191905,Cerrado
530,-10.681667,-49.435,8470911.24737845,Cerrado
531,-10.69,-46.695,4840409.783381291,Cerrado
532,-10.679118,-49.831471,20572323.67067636,Cerrado
533,-10.686429,-46.370714,6050589.914019905,Cerrado
534,-10.7,-52.25,1210063.59894671,Amazonia
535,-10.705,-46.715,3630151.9049317045,Cerrado
536,-10.715,-52.285,3629996.265286246,Amazonia
537,-10.71,-52.26,1210024.707040475,Amazonia
538,-10.71,-46.67,1210024.707040475,Cerrado
539,-10.72,-49.415,2419971.558247961,Cerrado
540,-10.72,-46.71,1209985.7791250758,Cerrado
541,-10.711087,-46.577609,48401530.9679116,Cerrado
542,-10.735,-46.965,3629801.4456776665,Cerrado
543,-10.73,-46.94,1209946.8152005123,Cerrado
544,-10.726429,-46.390714,6049812.003853879,Cerrado
545,-10.73,-41.3,3629840.4456048226,Caatinga
546,-10.74,-46.54,1209907.815273356,Cerrado
547,-10.755,-52.81,2419698.4867472053,Amazonia
548,-10.75,-49.83,1209868.7793414164,Cerrado
549,-10.755,-49.655,3629567.266089717,Cerrado
550,-10.755,-49.475,3629567.2660875265,Cerrado
551,-10.75,-46.64,1209868.7793414164,Cerrado
552,-10.75,-46.595,2419737.5586850233,Cerrado
553,-10.775,-49.43,4839084.109985362,Cerrado
554,-10.76625,-48.52875,4839201.505805208,Cerrado
555,-10.77,-47.485,2419581.198935137,Cerrado
556,-10.78,-49.505,2419502.911053511,Cerrado
557,-10.78,-47.5,1209751.4555256602,Cerrado
558,-10.78,-46.71,1209751.4555267554,Cerrado
559,-10.79,-49.79,1209712.2755877306,Cerrado
560,-10.79,-46.735,2419424.551175461,Cerrado
561,-10.758333,-46.6875,36294497.73061665,Cerrado
562,-10.8,-55.455,2419346.1192900357,Amazonia
563,-10.8,-49.93,1209673.0596450178,Cerrado
564,-10.8,-49.46,1209673.059646113,Cerrado
565,-10.796111,-47.469444,4838731.454522784,Cerrado
566,-10.747564,-46.953205,111307245.69078681,Cerrado
567,-10.795,-47.103333,10887253.544509158,Cerrado
568,-10.758043,-49.765217,66540741.15027674,Cerrado
569,-10.81,-49.92,1209633.8077040934,Cerrado
570,-10.81,-46.73,1209633.807702998,Cerrado
571,-10.81,-46.3675,12096337.861053854,Cerrado
572,-10.83,-49.58,1209555.195830895,Cerrado
573,-10.826429,-49.460714,6047854.627023695,Cerrado
574,-10.83,-46.75,1209555.1958297999,Cerrado
575,-10.845,-56.705,4837984.551742277,Amazonia
576,-10.839,-49.54,13304516.575181112,Cerrado
577,-10.84,-49.44,1209515.8358997167,Cerrado
578,-10.846429,-50.545,3628468.715843656,Cerrado
579,-10.813049,-49.903049,56853953.7767648,Cerrado
580,-10.85,-49.47,3628429.3199131708,Cerrado
581,-10.855,-49.255,4837826.896039247,Cerrado
582,-10.85,-46.78,1209476.4399725173,Cerrado
583,-10.865,-51.815,3628271.556233029,Cerrado
584,-10.844091,-46.752727,20561768.59836611,Cerrado
585,-10.86,-46.48,3628311.024148985,Cerrado
586,-10.87,-49.89,1209397.5401355312,Cerrado
587,-10.881667,-49.945,6046829.649053441,Cerrado
588,-10.885,-54.605,4837353.065106696,Amazonia
589,-10.89,-49.92,1209318.496328699,Cerrado
590,-10.870094,-49.647264,95541961.80552281,Cerrado
591,-10.9,-49.93,1209278.9204334419,Cerrado
592,-10.896429,-49.875,3627876.3371988684,Cerrado
593,-10.918333,-54.215,6045958.583589936,Amazonia
594,-10.915,-49.78,2418438.969240838,Cerrado
595,-10.921,-46.557,10882955.50166272,Cerrado
596,-10.91,-46.48,1209239.3085553066,Cerrado
597,-10.93,-49.535,7254959.789005227,Cerrado
598,-10.916429,-46.465,3627638.6299318457,Cerrado
599,-10.937,-49.947,15718880.919631323,Cerrado
600,-10.920882,-49.889706,25392954.41138684,Cerrado
601,-10.935,-48.098333,4836600.187476267,Cerrado
602,-10.923,-42.8565,14510236.832936604,Caatinga
603,-10.95,-51.07,1209080.5011548426,Cerrado
604,-10.955,-49.901667,4836202.629169509,Cerrado
605,-10.95,-46.5,3627241.5034645274,Cerrado
606,-10.96,-54.505,2418081.4186742534,Amazonia
607,-10.96,-51.06,1209040.709338222,Cerrado
608,-10.955,-48.98,7254363.559512342,Cerrado
609,-10.96,-50.475,4836162.801367819,Cerrado
610,-10.985,-41.861,13298610.879187806,Caatinga
611,-10.975,-46.525,7253885.697886307,Cerrado
612,-10.991667,-41.855,6044645.453732364,Caatinga
613,-10.99,-47.3,1208921.1179899976,Cerrado
614,-11.0,-47.285,2417762.364483731,Cerrado
615,-11.0125,-45.69,22968062.763337124,Cerrado
616,-11.005,-41.855,3626563.603269052,Caatinga
617,-11.02,-50.835,2417602.405611459,Cerrado
618,-11.02,-48.135,2417602.4056136496,Cerrado
619,-11.02,-46.695,2417602.4056136496,Cerrado
620,-11.026111,-55.639444,4835084.680170955,Amazonia
621,-11.03,-54.9,1208761.1591199164,Amazonia
622,-11.015,-48.469286,12088131.871293332,Cerrado
623,-11.03625,-52.38875,4834924.397491116,Amazonia
624,-11.05,-48.475,2417361.927634361,Cerrado
625,-11.049167,-52.56,9669487.610308174,Amazonia
626,-11.056429,-51.585,3625962.5882144105,Cerrado
627,-11.09875,-49.6525,16918717.44821266,Cerrado
628,-11.08,-45.48,1208560.4010429704,Cerrado
631,-11.09,-52.54,1208520.1415047958,Amazonia
632,-11.1,-52.55,1208479.84599141,Amazonia
633,-11.11,-43.305,2416879.0290231514,Caatinga
634,-11.12,-46.97,1208399.1470576255,Cerrado
636,-11.13,-47.025,2416717.487278834,Cerrado
637,-11.13,-46.995,2416717.487278834,Cerrado
638,-11.13,-46.96,1208358.743639417,Cerrado
639,-11.13,-43.305,2416717.487278834,Caatinga
640,-11.14,-52.23,1208318.3042470927,Amazonia
641,-11.145,-52.21,2416596.133137603,Amazonia
642,-11.145,-43.325,3624914.437382505,Caatinga
643,-11.15,-54.73,1208277.8288927006,Amazonia
644,-11.165,-52.2225,6041105.493256242,Amazonia
645,-11.17,-56.185,2416393.5405559964,Amazonia
646,-11.2,-54.275,2416149.8252523956,Amazonia
647,-11.196429,-52.505,3624265.3930597533,Amazonia
648,-11.2,-46.94,1208074.9126251026,Cerrado
649,-11.215,-54.175,4832055.4317344325,Amazonia
650,-11.21,-46.925,2416068.442970321,Cerrado
651,-11.22,-46.91,1207993.4943820555,Cerrado
652,-11.21,-42.186667,8456239.334622622,Caatinga
653,-11.238333,-52.418333,8455424.25319741,Amazonia
654,-11.246667,-49.645,12078996.710174818,Cerrado
655,-11.23,-46.315,2415905.4626381462,Cerrado
656,-11.24,-55.86,1207911.9322994994,Amazonia
658,-11.28,-52.245,2415496.7532864837,Amazonia
659,-11.3,-55.005,2415332.7661785106,Amazonia
660,-11.315,-48.205,3622834.91049213,Cerrado
661,-11.327,-47.881,9660509.403479032,Cerrado
662,-11.31,-38.595,2415250.6647646073,Caatinga
663,-11.35,-48.835,2414921.5401107874,Cerrado
664,-11.3525,-49.63875,16904491.651748795,Cerrado
665,-11.37,-56.06,1207378.2732044156,Amazonia
666,-11.38,-56.05,1207336.970859373,Amazonia
667,-11.385,-55.885,3621928.2359989467,Amazonia
668,-11.391667,-49.651667,13280293.188730184,Cerrado
669,-11.39,-47.88,1207295.6325686916,Cerrado
670,-11.4,-47.87,1207254.258337848,Cerrado
671,-11.42,-54.75,1207171.4020469112,Amazonia
672,-11.460556,-49.950556,20519629.80591868,Cerrado
673,-11.455,-49.615,4828104.212484754,Cerrado
674,-11.455,-46.7,2414052.1062445673,Cerrado
675,-11.46,-46.075,2414010.5163705586,Cerrado
676,-11.465,-46.045,4827937.781119347,Cerrado
677,-11.466111,-48.439444,4827896.1553073665,Cerrado
678,-11.48,-57.585,2413843.941262027,Amazonia
679,-11.481667,-54.788333,14482980.144390063,Amazonia
680,-11.476429,-52.635,3620807.5736353253,Amazonia
681,-11.48,-52.605,2413843.9412598363,Amazonia
682,-11.485,-49.905,3620724.214209497,Cerrado
683,-11.485,-48.415,3620682.5165314297,Cerrado
684,-11.491,-44.939,7241323.299446821,Cerrado
685,-11.495,-56.105,3620599.085236229,Amazonia
686,-11.492692,-46.065,20516547.088415157,Cerrado
687,-11.505,-49.988333,6034109.157586375,Cerrado
688,-11.5,-46.09,1206838.5393369077,Cerrado
689,-11.51,-56.1,1206796.769786183,Amazonia
690,-11.51,-46.05,1206796.7697872783,Cerrado
691,-11.525,-55.895,3620223.0515249353,Amazonia
692,-11.545,-48.425,4826601.155717399,Cerrado
693,-11.565,-52.135,4826265.562147593,Amazonia
694,-11.56,-45.68,1206587.3830987946,Cerrado
695,-11.575,-49.21,2413048.774905764,Cerrado
696,-11.57,-45.73,1206545.397975002,Cerrado
697,-11.58,-47.14,1206503.3769296666,Cerrado
698,-11.583947,-45.693421,20510262.829347424,Cerrado
699,-11.59,-49.18,1206461.3199518358,Cerrado
700,-11.6,-54.702,8444892.424655443,Amazonia
701,-11.639615,-55.755769,13268839.788210757,Amazonia
702,-11.625,-55.288333,6031590.266143713,Amazonia
703,-11.63,-56.185,2412585.465665502,Amazonia
704,-11.62,-46.493333,8444260.097211296,Cerrado
705,-11.64,-56.17,1206250.4962483014,Amazonia
706,-11.65,-45.39,1206208.2237444993,Cerrado
707,-11.665,-49.65,4824621.316964778,Cerrado
708,-11.67,-55.245,2412247.14197082,Amazonia
709,-11.68,-58.445,2412162.381471198,Amazonia
710,-11.673125,-45.37875,12061066.081114324,Cerrado
712,-11.7,-45.39,1205996.3224823014,Cerrado
713,-11.71,-54.68,1205953.8344875767,Amazonia
714,-11.715,-51.295,4823730.290137487,Cerrado
715,-11.72,-54.67,1205911.3105800715,Amazonia
716,-11.73,-54.89,1205868.7507608808,Amazonia
717,-11.74,-52.77,1205826.1550321954,Amazonia
718,-11.745,-52.75,2411609.678429496,Amazonia
719,-11.75,-52.445,4823134.0576676605,Amazonia
720,-11.76,-54.945,2411481.711692679,Amazonia
721,-11.76,-52.76,1205740.8558463396,Amazonia
722,-11.76,-45.77,1205740.8558474348,Cerrado
723,-11.76,-52.365,4822963.387487912,Amazonia
724,-11.77,-54.35,1205698.1523946458,Amazonia
725,-11.750294,-45.745588,13263661.101708433,Cerrado
726,-11.785,-56.07,7233804.152425932,Amazonia
727,-11.79,-45.74,1205612.6377737264,Cerrado
728,-11.815,-55.725,3616538.055626364,Amazonia
729,-11.81,-51.96,1205526.9795345422,Amazonia
730,-11.82,-51.57,1205484.0965583748,Amazonia
731,-11.831,-47.401,13259981.639353933,Cerrado
732,-11.83,-55.71,1205441.17768257,Amazonia
733,-11.824375,-54.533125,15670992.679546118,Amazonia
734,-11.865,-51.965,3615893.554525018,Amazonia
735,-11.815444,-49.705444,97650630.37291113,Cerrado
736,-11.866429,-55.745,3615850.492055045,Amazonia
737,-11.87,-49.71,1205269.143196119,Cerrado
738,-11.875,-45.635,3615764.331224222,Cerrado
739,-11.9,-44.17,1205139.7404201361,Caatinga
740,-11.9,-42.94,1205139.7404179457,Caatinga
741,-11.91,-47.265,2410193.068742655,Cerrado
742,-11.91,-44.18,1205096.5343691371,Caatinga
743,-11.915,-42.925,3615246.3611753946,Caatinga
744,-11.92,-42.94,1205053.2924327392,Caatinga
745,-11.931,-54.485,7230060.051736442,Amazonia
746,-11.925,-44.15,4820169.891905873,Caatinga
747,-11.925,-44.12,2410063.3070360143,Caatinga
748,-11.94,-44.175,2409933.401770253,Caatinga
749,-11.94,-44.135,2409933.401770253,Caatinga
750,-11.95,-46.97,3614770.0538261174,Cerrado
751,-11.955,-44.16,2409803.3170534014,Caatinga
752,-11.95,-42.49,1204923.3512761027,Caatinga
753,-11.96,-52.8,1204879.9657762034,Amazonia
754,-11.965,-42.5,2409716.5101758707,Caatinga
755,-11.97,-52.81,1204836.5443974768,Amazonia
756,-11.98,-54.32,1204793.0871256846,Amazonia
757,-11.955,-49.694091,32533664.37723383,Cerrado
758,-11.985,-46.815,3614335.7682253383,Cerrado
759,-12.0,-52.035,2409412.12986933,Amazonia
760,-12.013889,-43.650556,18069282.94996882,Caatinga
761,-12.01,-54.34,1204662.5000143428,Amazonia
762,-12.006429,-46.835,3614031.0649633505,Cerrado
763,-12.03,-46.825,2409150.525056908,Cerrado
764,-12.03,-43.67,1204575.2625295492,Caatinga
765,-12.055,-55.025,3613419.9002552605,Amazonia
766,-12.05,-48.81,1204487.8815261605,Cerrado
767,-12.06,-57.81,1204444.13720513,Amazonia
768,-12.06,-48.825,2408888.2744080694,Cerrado
769,-12.069615,-57.382692,7226402.106172519,Amazonia
770,-12.071,-54.777,10839646.921523605,Amazonia
771,-12.07,-46.715,2408800.7140171155,Cerrado
772,-12.08,-48.555,2408713.0818728884,Cerrado
773,-12.0975,-55.04,10838770.16960331,Amazonia
774,-12.087857,-48.905,7225919.878266907,Cerrado
775,-12.100714,-50.370714,9634106.41392968,Cerrado
776,-12.105,-48.55,2408493.6786499703,Cerrado
777,-12.11,-49.685,2408449.754957804,Cerrado
778,-12.134412,-49.672059,15653383.602875585,Cerrado
779,-12.155,-48.925,3612102.3689698298,Cerrado
780,-12.155,-48.805,3612102.3689676393,Cerrado
781,-12.16,-54.57,1204004.7209627102,Amazonia
782,-12.155588,-57.029118,15652237.641203847,Amazonia
783,-12.175,-51.647,12039340.664341263,Amazonia
784,-12.175,-55.18,2407876.9893395873,Amazonia
785,-12.17,-51.61,1203960.582056724,Amazonia
786,-12.17,-49.635,2407921.1641112575,Cerrado
787,-12.188333,-55.285,6019316.700884014,Amazonia
788,-12.185,-51.62,2407788.6039360394,Amazonia
789,-12.185,-51.6,2407788.6039327537,Amazonia
790,-12.181154,-51.272692,14446908.250956215,Cerrado
791,-12.205769,-45.700385,14445625.281818097,Cerrado
792,-12.23,-55.345,2407389.990963933,Amazonia
793,-12.226429,-51.850714,6018563.685580442,Amazonia
794,-12.233182,-57.312273,13240511.386031834,Amazonia
795,-12.245,-51.76,2407256.7852786887,Amazonia
796,-12.261364,-51.901364,10832144.350209886,Amazonia
797,-12.265,-57.175,3610596.1592270313,Amazonia
798,-12.268636,-54.776818,13238600.287837526,Amazonia
799,-12.27,-52.8,1203517.2205693384,Amazonia
800,-12.28,-52.28,1203472.6872043528,Amazonia
801,-12.29,-52.29,1203428.1179791593,Amazonia
802,-12.305,-49.765,4813444.769780199,Cerrado
804,-12.32625,-45.5825,20455866.7503707,Cerrado
805,-12.325,-54.825,4813087.355559292,Amazonia
806,-12.33,-48.885,2406498.9651519563,Cerrado
807,-12.361,-57.371,7218735.561971802,Amazonia
808,-12.36,-45.625,2406230.259216661,Cerrado
809,-12.379615,-45.604231,14436169.546779284,Cerrado
810,-12.386429,-55.535,3608986.289789861,Amazonia
811,-12.4,-45.63,1202935.490485152,Cerrado
812,-12.41,-56.57,1202890.4910951843,Amazonia
813,-12.403571,-52.700714,8420503.362313062,Amazonia
814,-12.41,-44.725,2405780.982192559,Cerrado
815,-12.415,-44.375,4811471.893930769,Cerrado
816,-12.42,-56.58,1202845.4558702002,Amazonia
817,-12.438333,-52.025,4811066.182668156,Amazonia
818,-12.44,-44.365,4811021.111599393,Cerrado
820,-12.455,-55.3,2405375.0917384345,Amazonia
821,-12.4525,-51.79,6013415.140063013,Amazonia
822,-12.446429,-49.865,3608175.548212095,Cerrado
823,-12.465,-51.99,2405284.6987481257,Amazonia
824,-12.46,-49.85,1202664.9565839537,Cerrado
825,-12.465,-49.37,2405284.698749221,Cerrado
826,-12.47,-56.5,1202619.742168553,Amazonia
827,-12.47,-55.285,2405239.484337106,Amazonia
828,-12.47,-54.355,2405239.4843349154,Amazonia
829,-12.47,-45.39,1202619.7421674577,Cerrado
830,-12.48,-46.55,1202574.4919225168,Cerrado
831,-12.485,-45.375,3607678.1896886877,Cerrado
832,-12.495,-42.719,9620142.895436144,Caatinga
833,-12.495,-56.355,4810026.179557812,Amazonia
834,-12.49,-46.54,1202529.2058436545,Cerrado
835,-12.495,-46.235,3607542.2956225607,Cerrado
836,-12.5,-55.51,1202483.883931966,Amazonia
837,-12.505,-52.4,2404922.410124894,Amazonia
838,-12.498636,-48.354091,12025019.98365373,Cerrado
840,-12.515,-61.13,2404831.658809611,Amazonia
841,-12.51,-55.52,1202438.5261907375,Amazonia
842,-12.52,-52.39,1202393.1326221593,Amazonia
843,-12.56,-51.98,1202211.2000623017,Amazonia
844,-12.5675,-51.7875,10819672.793747684,Amazonia
846,-12.6,-51.756667,10818075.098309435,Amazonia
847,-12.579,-45.389,13223365.708214296,Cerrado
848,-12.6,-54.55,1202028.6943141362,Amazonia
849,-12.605,-49.168333,6010052.039593803,Cerrado
850,-12.615,-56.818333,6009823.388006766,Amazonia
851,-12.621667,-55.868333,9615543.492301693,Cerrado
852,-12.61,-54.54,1201982.978324602,Amazonia
853,-12.62,-54.55,1201937.226515385,Amazonia
854,-12.625,-54.53,2403828.665408442,Amazonia
855,-12.63,-51.7775,7211394.385152224,Amazonia
856,-12.63,-57.68,1201891.438889771,Amazonia
857,-12.63,-56.81,1201891.4388908662,Amazonia
858,-12.635,-54.57,2403737.054336436,Amazonia
859,-12.64,-56.82,1201845.6154466649,Amazonia
860,-12.64,-57.695,4807382.425972453,Amazonia
861,-12.645,-57.285,3605490.9870826816,Amazonia
862,-12.645,-49.005,4807290.743267653,Cerrado
863,-12.65,-58.11,1201799.7561904474,Cerrado
864,-12.655,-57.965,3605353.3734899657,Cerrado
865,-12.653,-57.644333,9614260.292658703,Amazonia
866,-12.65,-54.205,2403599.512376514,Amazonia
867,-12.65,-49.46,1201799.7561893521,Cerrado
868,-12.66,-52.205,2403507.722231285,Amazonia
869,-12.66,-51.97,1201753.8611156426,Amazonia
870,-12.665,-49.48,4806969.5135757495,Cerrado
871,-12.677308,-51.975,12016757.499561343,Amazonia
872,-12.686818,-55.420455,9613019.585731048,Amazonia
873,-12.666818,-51.926818,7210339.335701762,Amazonia
874,-12.71,-61.535,2403047.697133711,Amazonia
875,-12.715,-52.058333,6007527.022959096,Amazonia
876,-12.72,-57.185,2402955.4772574347,Amazonia
877,-12.72,-56.9,1201477.7386287174,Amazonia
878,-12.707857,-40.428571,15619855.783218864,Caatinga
879,-12.735,-52.035,3604248.597095425,Amazonia
880,-12.74,-52.06,1201385.4113306317,Amazonia
881,-12.765,-48.791667,6006372.12614722,Cerrado
883,-12.78,-56.595,2402400.654175496,Amazonia
884,-12.799,-52.339,7206598.95298122,Amazonia
885,-12.82,-57.44,1201014.6700333296,Amazonia
886,-12.83,-57.43,1200968.1662791148,Amazonia
887,-12.835,-57.41,2401889.7930051424,Amazonia
888,-12.83,-57.125,2401936.3325582296,Amazonia
889,-12.845,-57.135,3602671.7294884003,Amazonia
890,-12.84,-56.83,3602764.8801791775,Amazonia
891,-12.85,-56.85,1200875.0513828294,Amazonia
892,-12.86,-56.84,1200828.4402451399,Amazonia
893,-12.856429,-52.435,3602531.9318698235,Amazonia
894,-12.87,-56.85,1200781.7933151491,Amazonia
897,-12.895,-54.145,3602018.4219530914,Amazonia
899,-12.9,-52.73,1200641.6377834189,Amazonia
901,-12.91,-52.72,1200594.8476973672,Amazonia
902,-12.92,-55.16,3601644.065472377,Amazonia
903,-12.925,-52.44,4802098.363984037,Amazonia
904,-12.925,-45.26,2401049.181992566,Cerrado
907,-12.935,-52.0,2400955.422892911,Amazonia
911,-12.936429,-45.245,3601409.6856221277,Cerrado
913,-12.955,-55.185,3601175.0194959,Amazonia
914,-12.946429,-49.715,3601268.9217286156,Cerrado
915,-12.95,-43.885,2400814.6590026845,Caatinga
916,-12.96,-45.785,2400720.7209886205,Cerrado
918,-12.975,-52.37,2400579.6708476073,Amazonia
919,-12.97,-43.895,2400626.7114096694,Caatinga
921,-12.985,-52.400714,4801018.184212347,Amazonia
922,-12.989444,-45.808333,12002333.545422824,Cerrado
924,-12.995,-57.358333,6000954.85760063,Amazonia
925,-12.995,-49.55,2400391.3654641085,Cerrado
926,-12.99,-49.525,2400438.477587772,Cerrado
929,-13.01,-57.38,1200124.978769592,Amazonia
930,-13.01,-54.19,1200124.9787717825,Amazonia
931,-13.015,-49.530714,4800452.7314117225,Cerrado
932,-13.03,-52.67,3600091.6911659865,Amazonia
933,-13.020455,-55.464091,9600480.66664348,Cerrado
934,-13.036111,-52.373889,7199994.432991539,Amazonia
935,-13.029667,-52.698333,15600822.100712039,Amazonia
936,-13.038333,-45.398333,6000011.076791151,Cerrado
937,-13.045,-58.685,3599902.6702803806,Cerrado
938,-13.045,-52.91,2399919.3498536744,Amazonia
939,-13.05,-51.62,1199936.0294324448,Cerrado
940,-13.052273,-45.430455,5999632.78462279,Cerrado
942,-13.06,-55.73,1199888.7026666924,Cerrado
944,-13.07,-55.74,1199841.3401305445,Cerrado
945,-13.08,-57.83,1199793.9418272865,Cerrado
946,-13.070455,-53.224091,9598588.490366377,Amazonia
947,-13.09,-57.81,1199746.5077602046,Cerrado
948,-13.095,-55.111667,5998637.5991184,Amazonia
949,-13.0975,-53.09,5998590.093517099,Amazonia
950,-13.1,-58.875,2399398.0758432634,Cerrado
951,-13.125,-55.625,3598764.3957289956,Cerrado
952,-13.13,-57.675,9596546.429084394,Amazonia
953,-13.135,-53.895,3598621.628575036,Amazonia
954,-13.13,-52.6,1199556.4138196826,Amazonia
955,-13.14,-55.65,1199508.800932385,Cerrado
956,-13.12625,-52.605,15594280.63496736,Amazonia
957,-13.15,-55.66,1199461.152279073,Cerrado
958,-13.165,-56.935,3598192.6834333264,Amazonia
959,-13.165,-52.515,4797558.431134017,Amazonia
960,-13.17,-56.25,1199365.7476995958,Amazonia
961,-13.18,-53.855,4797271.931328804,Amazonia
962,-13.18,-52.87,1199317.9917723357,Amazonia
963,-13.18,-52.56,1199317.9917723357,Amazonia
965,-13.186111,-52.846111,5996398.792118152,Amazonia
966,-13.181667,-49.547222,5996589.887342792,Cerrado
967,-13.2,-53.1,1199222.3726471534,Amazonia
968,-13.2,-49.565,2398444.745298688,Cerrado
969,-13.209,-52.879,11991840.749441558,Amazonia
970,-13.205,-48.4,2398396.882106242,Cerrado
971,-13.22,-48.42,1199126.6105104855,Cerrado
972,-13.235,-48.83,2398109.381173534,Cerrado
973,-13.23,-48.405,2398157.351624594,Cerrado
974,-13.24,-57.0,1199030.7053645228,Amazonia
975,-13.243125,-53.475,16786237.67155281,Amazonia
976,-13.24,-48.42,1199030.7053645228,Cerrado
977,-13.25,-57.08,3596948.0974960127,Amazonia
978,-13.25,-57.01,1198982.6991649724,Amazonia
979,-13.25,-56.27,1198982.6991660679,Cerrado
980,-13.26,-54.685,7193607.871819945,Amazonia
981,-13.265,-53.785,3596755.893967408,Amazonia
982,-13.26,-48.215,2397869.3144404353,Cerrado
983,-13.27,-56.51,3596659.7385787275,Amazonia
984,-13.3,-53.045,7192500.941034241,Amazonia
985,-13.3,-53.07,1198742.13197382,Amazonia
986,-13.3,-53.06,1198742.1319760105,Amazonia
987,-13.305,-52.405,3596129.9545766194,Cerrado
989,-13.31,-54.94,1198693.911299757,Amazonia
991,-13.31,-53.81,1198693.9113030427,Amazonia
992,-13.31,-53.79,1198693.9113019474,Amazonia
993,-13.31,-53.06,1198693.9113030427,Amazonia
994,-13.31,-43.69,3596081.7339036516,Caatinga
995,-13.325,-57.88,2397243.017626079,Cerrado
996,-13.32,-57.725,2397291.3097850746,Cerrado
997,-13.32,-54.955,2397291.3097850746,Amazonia
1001,-13.33,-45.44,1198597.3627357322,Cerrado
1002,-13.3525,-54.26,8389601.390025644,Amazonia
1003,-13.355,-53.905,4793905.886118915,Amazonia
1004,-13.35,-45.47,1198500.6712138902,Cerrado
1005,-13.355,-44.1225,5992406.557338282,Caatinga
1006,-13.351364,-57.852273,7190907.192815729,Cerrado
1007,-13.36,-45.36,1198452.2718466627,Cerrado
1008,-13.37,-47.575,2396807.673485986,Cerrado
1009,-13.37,-45.44,1198403.836742993,Cerrado
1010,-13.37,-45.36,1198403.836742993,Cerrado
1012,-13.385,-57.595,3595017.591145231,Cerrado
1013,-13.38,-57.565,2396710.7318101428,Cerrado
1014,-13.39,-54.991667,21569814.042905122,Cerrado
1015,-13.38,-53.69,1198355.3659039761,Amazonia
1016,-13.370333,-45.409667,83889279.24110736,Cerrado
1017,-13.39,-61.385,2396613.7186679863,Amazonia
1018,-13.39,-53.68,1198306.8593339932,Amazonia
1019,-13.395,-47.625,3594823.49339351,Cerrado
1020,-13.4,-61.355,2396516.6340573267,Amazonia
1021,-13.4,-56.535,2396516.6340573267,Amazonia
1022,-13.4,-56.19,1198258.3170297586,Cerrado
1023,-13.385,-55.128077,17974942.185870968,Cerrado
1024,-13.4,-45.36,1198258.3170286634,Cerrado
1025,-13.406429,-53.675,3594677.7950155884,Amazonia
1026,-13.41,-45.36,1198209.7389923674,Cerrado
1027,-13.426429,-53.155,3594386.076693099,Amazonia
1028,-13.435,-47.675,7188528.798727352,Cerrado
1029,-13.442273,-45.423182,10782330.402659604,Cerrado
1030,-13.458333,-45.468333,9583681.63922998,Cerrado
1031,-13.473235,-45.612059,23957764.150725685,Cerrado
1033,-13.491667,-57.735,5989147.970708007,Cerrado
1035,-13.49,-54.945,2395639.6570351226,Cerrado
1037,-13.505,-54.1,2395492.9226158108,Amazonia
1038,-13.51,-57.75,1197721.9936650472,Cerrado
1039,-13.516429,-55.425,3593068.038986969,Cerrado
1040,-13.516429,-54.955,3593068.0389858736,Cerrado
1041,-13.53,-56.76,1197624.0159390518,Amazonia
1042,-13.535,-55.035,4790397.978880028,Cerrado
1044,-13.545,-56.73,2395100.8688471084,Amazonia
1045,-13.55,-49.075,2395051.790692292,Cerrado
1046,-13.540455,-45.593182,8382926.622478187,Cerrado
1047,-13.565,-53.895,4789808.826750342,Amazonia
1048,-13.585,-53.575,3592086.1188109843,Amazonia
1050,-13.615,-58.47,2394412.0248086555,Cerrado
1051,-13.61,-53.59,1197230.6764700199,Amazonia
1052,-13.6175,-45.6,5986054.726088426,Cerrado
1053,-13.625,-52.39,2394313.3328477796,Cerrado
1055,-13.64625,-55.28875,4788182.034142811,Cerrado
1057,-13.705,-45.55,2393521.226559658,Cerrado
1059,-13.715,-57.0,4786843.7839660095,Cerrado
1061,-13.72,-54.915,2393372.2068458977,Cerrado
1062,-13.72,-45.565,2393372.2068458977,Cerrado
1066,-13.74,-53.245,11965766.604907379,Cerrado
1067,-13.765,-45.73,2392924.1483076476,Cerrado
1068,-13.766429,-58.385,3589361.290663803,Cerrado
1070,-13.775,-53.26,2392824.385428725,Cerrado
1071,-13.78,-58.4,1196387.2430725694,Cerrado
1072,-13.79,-59.265,2392674.6162080364,Cerrado
1073,-13.79,-53.25,1196337.3081040182,Cerrado
1075,-13.805,-56.531,9570198.579834923,Cerrado
1076,-13.806111,-52.359444,4784999.330756995,Cerrado
1077,-13.82,-57.8,3588561.8672416336,Cerrado
1078,-13.820455,-57.109545,5980936.409715203,Cerrado
1079,-13.83,-56.62,1196137.2113714044,Cerrado
1080,-13.84,-56.63,1196087.0979835063,Cerrado
1081,-13.84,-50.63,3588261.293952709,Cerrado
1082,-13.855,-50.648333,5980034.190315877,Cerrado
1083,-13.85,-50.095,2392073.897823477,Cerrado
1085,-13.86,-57.82,1195986.7641637684,Cerrado
1086,-13.86,-56.725,2391973.5283297272,Amazonia
1087,-13.87,-57.81,1195936.5437406907,Cerrado
1088,-13.89,-54.4,1195835.9958593566,Cerrado
1089,-13.9,-56.64,1195785.6684032904,Amazonia
1090,-13.9,-54.39,1195785.6684043857,Cerrado
1091,-13.92,-56.63,3587054.683777165,Amazonia
1093,-13.95,-47.235,2391066.992141658,Cerrado
1094,-13.96,-51.068333,7172897.656259031,Cerrado
1095,-13.96,-51.06,1195482.9545991677,Cerrado
1096,-13.96,-51.05,1195482.9545969772,Cerrado
1097,-13.98,-56.955,2390763.5293114297,Cerrado
1098,-13.99,-48.735,2390662.2323809895,Cerrado
1099,-13.995,-48.71,2390611.548249424,Cerrado
1101,-14.01,-51.435,2390459.424537372,Cerrado
1103,-14.01625,-51.40875,4780766.582724693,Cerrado
1105,-14.03,-46.745,2390256.331413376,Cerrado
1107,-14.055,-58.890714,13145138.404858848,Cerrado
1108,-14.0925,-56.41,8363860.666428398,Cerrado
1109,-14.09,-52.005,7168986.99110374,Cerrado
1110,-14.095,-50.778333,4779239.640454423,Cerrado
1111,-14.105,-54.705,3584263.8124655243,Cerrado
1112,-14.1,-50.38,1194771.62960031,Cerrado
1113,-14.105,-50.35,2389492.1828652145,Cerrado
1114,-14.11,-52.91,1194720.5532616186,Cerrado
1115,-14.115,-50.795,4778779.989086784,Cerrado
1116,-14.11,-50.39,1194720.5532627138,Cerrado
1117,-14.12,-52.92,1194669.4412806781,Cerrado
1118,-14.130556,-52.891667,7167760.873885346,Cerrado
1119,-14.13,-50.78,1194618.2936509168,Cerrado
1120,-14.15,-52.91,1194515.891450408,Cerrado
1121,-14.17,-44.535,2388826.6933661858,Caatinga
1122,-14.176667,-45.976667,17916097.227802757,Cerrado
1123,-14.205,-58.66,4776934.1833912125,Cerrado
1124,-14.2125,-54.73,7165246.905529723,Cerrado
1125,-14.205,-46.92,2388467.0916967015,Cerrado
1126,-14.191667,-43.739444,7165761.12622357,Caatinga
1127,-14.203571,-58.480714,8359763.331554724,Cerrado
1128,-14.21,-46.21,1194207.8294666638,Cerrado
1129,-14.22,-58.94,1194156.3610708981,Cerrado
1130,-14.22,-43.735,2388312.7221417963,Caatinga
1131,-14.235,-58.93,2388158.1744117895,Cerrado
1132,-14.23,-58.35,1194104.8570372644,Cerrado
1133,-14.235,-54.745,3582211.491786314,Cerrado
1134,-14.225,-46.23,4776522.4362163255,Cerrado
1135,-14.23,-46.21,1194104.8570372644,Cerrado
1136,-14.23,-43.755,2388209.714074529,Caatinga
1137,-14.24,-58.35,1194053.317374525,Cerrado
1139,-14.290714,-58.590714,9550308.852043113,Cerrado
1140,-14.29,-52.075,2387590.1691871393,Cerrado
1141,-14.282692,-47.723462,8356824.1455880385,Cerrado
1143,-14.296429,-54.716429,8356358.5783912465,Cerrado
1144,-14.31,-59.2,1193691.5420864269,Cerrado
1145,-14.31,-58.34,1193691.5420864269,Cerrado
1146,-14.32,-59.18,3580919.152206472,Cerrado
1147,-14.325,-58.246667,9549065.736398412,Cerrado
1148,-14.327105,-58.823947,22679309.49908954,Cerrado
1149,-14.292273,-58.351,74013937.57827543,Cerrado
1150,-14.323571,-47.488571,15516953.232782047,Cerrado
1151,-14.34,-52.765,2387071.9223166965,Cerrado
1152,-14.345,-50.39,4774039.981528918,Cerrado
1153,-14.375,-60.188333,5966796.22143453,Amazonia
1154,-14.379,-58.905,8353244.003462713,Cerrado
1155,-14.38,-46.65,1193328.0212448589,Cerrado
1156,-14.395,-46.635,3579775.732044402,Cerrado
1157,-14.4,-47.505,4772895.314756675,Cerrado
1158,-14.411667,-42.808333,9545425.612799156,Caatinga
1159,-14.441667,-44.295,5965127.4312029,Caatinga
1160,-14.458333,-58.731667,13122380.836711468,Cerrado
1161,-14.44,-45.45,1193015.0429472206,Cerrado
1162,-14.44,-44.32,1193015.0429461254,Caatinga
1163,-14.45,-58.63,1192962.7552638326,Cerrado
1164,-14.455,-47.195,4771746.374476343,Cerrado
1165,-14.45,-45.44,1192962.7552649279,Cerrado
1166,-14.45,-44.33,1192962.755266023,Caatinga
1167,-14.45,-44.32,1192962.7552649279,Caatinga
1168,-14.45,-44.3,1192962.7552649279,Caatinga
1169,-14.465,-58.628333,5964342.724290397,Cerrado
1170,-14.465,-45.43,2385768.5050530797,Cerrado
1171,-14.460455,-44.310455,7157410.1973421415,Caatinga
1172,-14.475,-45.45,2385663.751657968,Cerrado
1173,-14.556429,-54.775,3577208.4022703124,Cerrado
1174,-14.595,-58.675,4768802.315039408,Cerrado
1175,-14.609,-45.865,8344954.853773069,Cerrado
1176,-14.625,-45.73,2384083.9073393573,Cerrado
1177,-14.705,-56.995,4766469.5511809895,Amazonia
1178,-14.7,-52.095,2383287.988639419,Cerrado
1179,-14.72,-57.01,1191537.5326540899,Amazonia
1180,-14.738333,-45.97,23830057.42497769,Cerrado
1181,-14.736429,-45.185,3574346.105849633,Cerrado
1182,-14.77,-57.28,1191270.7559883336,Amazonia
1183,-14.78,-57.33,1191217.293948584,Amazonia
1184,-14.78,-57.29,1191217.293948584,Amazonia
1185,-14.79,-57.32,1191163.7963465399,Amazonia
1186,-14.86,-46.71,1190788.3174098884,Cerrado
1187,-14.87,-46.72,1190734.5353313931,Cerrado
1188,-14.87,-46.7,1190734.5353324884,Cerrado
1189,-14.88,-46.69,1190680.7176982705,Cerrado
1190,-14.885,-46.735,3571988.2999158227,Cerrado
1191,-14.89,-46.7,1190626.8645159963,Cerrado
1192,-14.905,-47.685,4762184.054550843,Cerrado
1193,-14.96,-50.9225,7141439.208084692,Cerrado
1194,-15.0,-52.175,2380064.2667858996,Cerrado
1195,-15.01,-48.785,2379955.707355628,Cerrado
1196,-15.025,-57.06,2379792.726071664,Amazonia
1197,-15.02,-52.27,1189923.5384266698,Cerrado
1198,-15.03,-46.83,3569607.5273967837,Cerrado
1199,-15.03,-52.28,1189869.187643899,Cerrado
1200,-15.04,-54.315,2379629.6026502396,Cerrado
1201,-15.058636,-54.610455,9517647.09253443,Cerrado
1202,-15.09,-55.985,2379084.673568402,Cerrado
1203,-15.11,-53.195,2378866.2045629863,Cerrado
1204,-15.12,-53.21,1189378.431742556,Cerrado
1205,-15.12,-48.95,1189378.4317436514,Cerrado
1206,-15.129,-53.177,9514644.440488392,Cerrado
1207,-15.13,-48.94,1189323.7256818493,Cerrado
1208,-15.145,-47.04,2378483.1911098342,Cerrado
1209,-15.2,-50.53,1188939.788775501,Cerrado
1210,-15.24,-43.54,1188719.6149836287,Caatinga
1211,-15.246429,-59.860714,5943432.678263376,Amazonia
1212,-15.235,-48.403667,13076356.360966235,Cerrado
1213,-15.265,-53.595,3565772.741910994,Cerrado
1214,-15.265,-43.585,3565717.5386868026,Caatinga
1215,-15.27,-53.61,1188554.1118216007,Cerrado
1216,-15.254412,-43.560294,11886423.62422377,Caatinga
1217,-15.28,-43.54,1188498.8730931643,Caatinga
1218,-15.295,-51.545,3565275.4868708076,Cerrado
1219,-15.303462,-59.797308,16637324.860525345,Amazonia
1220,-15.305,-53.758333,5941775.410012552,Cerrado
1222,-15.345,-50.885,3564389.1113745603,Cerrado
1223,-15.65,-57.545,2372860.188548142,Amazonia
1224,-15.715,-42.185,3558213.3252239763,Cerrado
1225,-15.725,-55.28,2372009.649186729,Cerrado
1226,-15.735,-56.415,3557815.480563475,Cerrado
1227,-15.76,-43.225,2371611.3792408775,Caatinga
1228,-15.840455,-59.147727,9482676.514980147,Amazonia
1229,-15.925,-58.085,4739444.156149812,Amazonia
1230,-15.99,-59.346667,13029579.628816292,Amazonia
1231,-16.015,-58.528333,5921679.635412097,Amazonia
1232,-16.01,-51.555,2368741.2887873356,Cerrado
1233,-16.03,-51.56,1184254.884617899,Cerrado
1235,-16.16,-59.79,1183498.9950553135,Amazonia
1236,-16.163333,-47.555,9467991.88969031,Cerrado
1237,-16.18,-47.53,1183382.173548616,Cerrado
1239,-16.195,-59.815,9466355.68098257,Amazonia
1240,-16.1925,-53.23,14199825.663706034,Cerrado
1241,-16.19,-45.195,2366647.419449095,Cerrado
1242,-16.19,-45.17,1183323.7097234523,Cerrado
1243,-16.2,-45.18,1183265.2105221897,Cerrado
1244,-16.25,-51.98,3548916.5516779497,Cerrado
1245,-16.32,-47.28,1182560.4611305825,Cerrado
1248,-16.395,-46.258333,4728528.816483003,Cerrado
1249,-16.41,-46.1,3546085.6723687463,Cerrado
1250,-16.42,-46.135,4727877.121180621,Cerrado
1251,-16.43,-45.715,2363819.93557288,Cerrado
1252,-16.46,-54.69,1181731.818201945,Cerrado
1253,-16.48,-54.67,1181612.875111777,Cerrado
1254,-16.49,-44.555,2363106.701113521,Cerrado
1255,-16.55,-53.17,1181195.461243138,Cerrado
1256,-16.56,-53.18,1181135.689368677,Cerrado
1257,-16.547727,-55.670455,9449623.249846647,Pantanal
1258,-16.58,-54.94,1181016.0396437014,Cerrado
1259,-16.59,-54.95,1180956.1618008534,Cerrado
1260,-16.62,-54.485,2361552.632675452,Cerrado
1262,-16.885,-46.37,2358347.753539128,Cerrado
1263,-16.887,-51.309,8254064.689389792,Cerrado
1264,-17.09,-46.12,1177917.2644569923,Cerrado
1265,-17.086429,-44.855,3533813.43552816,Cerrado
1266,-17.1,-46.13,1177855.587050761,Cerrado
1267,-17.105,-44.83,4711360.635545575,Cerrado
1268,-17.13,-46.425,2355340.6866996605,Cerrado
1269,-17.165,-52.29,4709815.281614433,Cerrado
1270,-17.17,-52.27,1177422.8583466243,Cerrado
1271,-17.158636,-46.414091,10597239.123431893,Cerrado
1272,-17.25,-47.585,2353852.3941102778,Cerrado
1273,-17.265,-47.305,3530529.591176043,Cerrado
1274,-17.268333,-50.103333,10591090.421306437,Cerrado
1275,-17.27,-50.1,1176801.6794479762,Cerrado
1276,-17.308333,-55.085,9412230.203773208,Pantanal
1277,-17.308333,-54.731667,8235927.897891993,Cerrado
1278,-17.32,-44.99,3529469.307189992,Cerrado
1279,-17.33,-54.705,2352854.562669971,Cerrado
1280,-17.33,-45.01,1176427.281332795,Cerrado
1281,-17.355,-54.175,3528844.007353156,Cerrado
1282,-17.36,-47.025,4704958.427498873,Cerrado
1283,-17.365,-54.715,4704833.170355017,Cerrado
1284,-17.38,-54.69,1176114.3145190538,Cerrado
1285,-17.39,-54.74,1176051.6155344618,Cerrado
1286,-17.381667,-54.669444,7056560.453946474,Cerrado
1288,-17.405,-55.29,2351914.9932887238,Pantanal
1289,-17.405,-50.495,3527841.1052371953,Cerrado
1290,-17.4,-50.48,1175988.881341347,Cerrado
1292,-17.42,-55.28,1175863.307354741,Pantanal
1293,-17.46,-47.425,2351223.4739644257,Cerrado
1298,-17.52,-43.815,2350466.6512774173,Cerrado
1299,-17.54,-45.485,2350213.8140639993,Cerrado
1301,-17.611,-50.705,9397306.5995738,Cerrado
1302,-17.605,-47.085,3524053.4743561787,Cerrado
1304,-17.611,-55.39,7047916.458955797,Pantanal
1306,-17.629,-46.449,5872744.918064079,Cerrado
1307,-17.645,-44.668333,4697827.199392008,Cerrado
1309,-17.72,-51.575,2347925.6164757377,Cerrado
1310,-17.74,-47.045,2347669.9657852687,Cerrado
1311,-17.76,-47.035,2347414.0338953948,Cerrado
1313,-17.83,-46.185,2346516.0580616887,Cerrado
1314,-17.865,-51.74,2346065.7699814765,Cerrado
1315,-17.875,-47.34,4691873.921314753,Cerrado
1317,-17.97,-50.41,3517064.665448307,Cerrado
1318,-18.06,-56.38,1171770.663346946,Pantanal
1319,-18.07,-56.35,1171705.5739143991,Pantanal
1320,-18.08,-56.365,4686561.7624160005,Pantanal
1322,-18.18,-54.28,3512961.821514209,Cerrado
1323,-18.2,-50.99,1170856.217679168,Cerrado
1325,-18.285,-50.32,2340595.318644964,Cerrado
1326,-18.28,-50.29,1170330.58996287,Cerrado
1327,-18.299444,-50.288333,5850994.126581287,Cerrado
1328,-18.378333,-52.525,4678747.739107132,Cerrado
1329,-18.385,-51.58,2339274.5867990255,Cerrado
1330,-18.39,-44.875,2339208.374926971,Cerrado
1331,-18.4,-43.945,2339075.8810746814,Cerrado
1332,-18.43,-43.935,2338677.978960741,Cerrado
1333,-18.51,-50.145,2337613.823044852,Cerrado
1334,-18.601667,-56.608333,8177573.368084115,Pantanal
1335,-18.659,-52.503,8174756.842349617,Cerrado
1336,-18.701667,-54.195,5837738.474816932,Cerrado
1338,-18.795,-53.16,2333786.3292598645,Cerrado
1339,-18.79,-53.125,2333853.9768775534,Cerrado
1340,-18.8,-53.005,11668593.303276425,Cerrado
1341,-19.025,-56.935,3496018.2835980547,Pantanal
1342,-19.03,-56.94,1165293.7933082862,Pantanal
1343,-19.053333,-56.95,10486342.296774188,Pantanal
1344,-19.15,-45.185,2328939.2917362573,Cerrado
1345,-19.27,-57.22,1163640.4689804388,Pantanal
1346,-19.28,-57.21,1163571.1439744518,Pantanal
1347,-19.39,-56.38,1162806.2655213939,Pantanal
1348,-19.4,-56.39,1162736.521766623,Pantanal
1349,-19.44,-57.02,1162457.1979010243,Pantanal
1350,-19.435,-57.03,6974952.76750383,Pantanal
1351,-19.441667,-57.009444,6974603.316190956,Pantanal
1352,-19.51,-57.96,3485901.1151628466,Pantanal
1353,-19.634048,-57.903095,25545053.561631545,Pantanal
1354,-19.63,-57.9,1161122.7904870433,Pantanal
1355,-19.69,-43.94,1160698.7846664519,Cerrado
1357,-19.725,-49.175,4641803.45766569,Cerrado
1359,-19.744231,-57.475,12763718.16579886,Pantanal
1360,-19.81,-47.73,1159847.0111272659,Mata Atlantica
1361,-19.825,-47.74,2319480.3650370925,Mata Atlantica
1362,-19.91,-48.055,2318266.7400787445,Mata Atlantica
1363,-19.916667,-54.165,9272494.44650681,Cerrado
1365,-19.98,-55.295,2317263.501382188,Cerrado
1366,-19.985,-47.938333,5792943.356262767,Mata Atlantica
1367,-20.015,-54.103889,5791865.535509187,Cerrado
1369,-20.12,-46.79,1157623.3990666852,Cerrado
1370,-20.135,-46.768333,5787538.603973571,Cerrado
1371,-20.13,-46.75,1157551.1131801326,Cerrado
1372,-20.17,-49.385,2314523.2441267916,Cerrado
1373,-20.18,-56.08,1157189.1623970564,Cerrado
1374,-20.195,-56.07,2314160.80679777,Cerrado
1375,-20.2,-49.355,2314088.2776311254,Cerrado
1377,-20.28,-48.17,1156462.6547233546,Mata Atlantica
1378,-20.425,-42.985,3466245.7995514395,Mata Atlantica
1381,-20.55,-43.78,1154483.7396517468,Mata Atlantica
1382,-20.75,-48.19,8071010.97278478,Mata Atlantica
1383,-20.96,-48.94,1151430.3805917797,Mata Atlantica
1384,-21.06,-44.985,2301353.6563188923,Mata Atlantica
1386,-21.075,-50.2,2301126.9851219878,Mata Atlantica
1387,-21.11,-51.23,1150298.7545849045,Mata Atlantica
1388,-21.26,-45.445,2298318.694360384,Mata Atlantica
1389,-21.55,-49.685,2293868.9029764896,Mata Atlantica
1391,-21.68,-54.175,2291855.3252666225,Cerrado
1392,-21.729545,-51.564091,9164311.006502429,Mata Atlantica
1393,-21.83,-50.3,1144758.743146164,Mata Atlantica
1394,-21.856429,-50.295,3433650.359258858,Mata Atlantica
1395,-21.865,-49.495,3433493.779770595,Mata Atlantica
1397,-21.88,-49.59,1144367.3805394024,Mata Atlantica
1398,-21.89,-49.6,1144289.004691233,Mata Atlantica
1400,-21.94,-48.03,1143896.608924734,Cerrado
1401,-21.97,-49.315,2287321.516624,Mata Atlantica
1402,-21.98,-49.3,1143582.0725913737,Mata Atlantica
1403,-22.0,-41.51,1143424.5978980013,Mata Atlantica
1404,-22.01,-49.405,9146924.014913369,Mata Atlantica
1405,-22.01,-41.455,2286691.61784613,Mata Atlantica
1407,-22.025,-41.44,2286455.1132624154,Mata Atlantica
1408,-22.04,-49.405,2286218.4710384156,Mata Atlantica
1410,-22.09,-54.39,1142714.2583631943,Mata Atlantica
1411,-22.1,-54.38,1142635.1597217114,Mata Atlantica
1412,-22.11,-41.425,2285112.053379744,Mata Atlantica
1413,-22.16,-55.205,2284319.691243317,Cerrado
1414,-22.165,-55.23,2284240.3518660525,Cerrado
1418,-22.475,-50.09,2279288.2859285315,Cerrado
1419,-22.527,-53.262333,10253134.872234456,Mata Atlantica
1420,-22.51,-50.725,2278725.0434665144,Cerrado
1421,-22.53,-53.3,1139201.4041089236,Mata Atlantica
1422,-22.54,-53.29,1139120.793828416,Mata Atlantica
1424,-22.68,-51.39,1137988.6480681296,Mata Atlantica
1425,-22.69,-52.06,3413722.5699654156,Mata Atlantica
1426,-22.69,-51.4,1137907.5233199797,Mata Atlantica
1427,-22.71,-52.075,2275490.3419623827,Mata Atlantica
1429,-22.77,-52.38,5686286.45682007,Mata Atlantica
1430,-22.78,-52.41,1137175.8581519232,Mata Atlantica
1431,-22.836429,-52.205,3410141.2569962563,Mata Atlantica
1432,-22.885,-43.71,4545274.947393986,Mata Atlantica
1434,-22.93,-52.935,2271900.498857336,Mata Atlantica
1435,-22.93,-43.75,1135950.249428668,Mata Atlantica
1436,-22.945,-51.92,2271654.521040886,Mata Atlantica
1437,-22.94,-51.895,2271736.5364695885,Mata Atlantica
1438,-23.0,-52.09,5676878.277130778,Mata Atlantica
1439,-23.135,-51.665,4537051.164258609,Mata Atlantica
1441,-23.168333,-54.175,5669783.447888331,Mata Atlantica
1442,-23.215,-52.675,6801685.179893412,Mata Atlantica
1443,-23.255,-53.55,4533073.377662794,Mata Atlantica
1444,-23.265,-52.73,2266370.503437158,Mata Atlantica
1445,-23.275,-53.47,2266204.2497178386,Mata Atlantica
1446,-23.28,-52.71,3399181.624495429,Mata Atlantica
1447,-23.39,-52.825,2264287.4303949005,Mata Atlantica
1448,-23.46,-53.795,2263116.244026971,Mata Atlantica
1454,-23.975,-53.21,2254396.929346156,Mata Atlantica
1455,-24.01,-53.84,1126898.9042890777,Mata Atlantica
1457,-24.02,-53.85,1126813.2378616615,Mata Atlantica
1458,-24.03,-53.875,2253455.0748522747,Mata Atlantica
1467,-25.15,-51.68,3350743.1766644022,Mata Atlantica
1468,-25.155,-50.75,2233739.2547923396,Mata Atlantica
1470,-25.5,-52.885,2227521.560907492,Mata Atlantica
1473,-26.035,-49.81,2217721.0811968455,Mata Atlantica
1474,-26.306429,-52.295,3319006.380516959,Mata Atlantica
1477,-26.515,-52.4,2208764.5896451497,Mata Atlantica
1479,-26.765,-50.85,2204038.6665017814,Mata Atlantica
1481,-26.77,-51.17,7713802.9895083,Mata Atlantica
1482,-26.78,-50.86,1101876.8956612325,Mata Atlantica
1483,-26.79,-50.87,1101781.892752007,Mata Atlantica
1487,-26.915,-52.1,2201183.071705641,Mata Atlantica
1488,-27.09,-50.895,2197832.5816201614,Mata Atlantica
1489,-27.098636,-51.708636,7691741.744611352,Mata Atlantica
1504,-28.0,-48.995,2180081.6324575255,Mata Atlantica
1527,-28.7,-49.255,2166053.9078298793,Mata Atlantica
1556,-29.145,-56.201667,5392472.532668667,Pampa
1559,-29.175,-56.17,2156351.268732863,Pampa
1567,-29.35,-56.39,1076369.6458714386,Pampa
1570,-29.36,-56.4,1076266.1432441415,Pampa
1571,-29.365,-56.37,4304961.037618245,Pampa
1602,-29.57,-56.045,2148170.056397844,Pampa
1604,-29.58,-56.06,1073980.8058067306,Pampa
1610,-29.69,-51.28,1072832.2027017267,Mata Atlantica
1612,-29.7,-51.27,1072727.5882382225,Mata Atlantica
1615,-29.7425,-52.5925,8578575.110734046,Mata Atlantica
1616,-29.73,-51.48,1072413.5489347237,Pampa
1617,-29.74,-51.51,1072308.8038691336,Pampa
1618,-29.74,-51.47,1072308.8038713243,Pampa
1622,-29.78,-51.515,2143778.9943936947,Pampa
1624,-29.771364,-51.496818,7503855.505676451,Pampa
1626,-29.8,-51.52,3215038.9441487337,Pampa
1658,-30.465,-51.968333,4258619.028256721,Pampa
1659,-30.49,-52.865,2128720.1538493405,Pampa
1663,-30.59,-52.76,1063286.433993178,Pampa
1667,-30.7,-53.21,1062101.6830583543,Pampa
1669,-30.716667,-53.233333,11681715.632518793,Pampa
1670,-30.73,-52.485,2123555.777909407,Pampa
1671,-30.73,-52.365,2123555.777909407,Pampa
1672,-30.825,-54.45,4243002.459913075,Pampa
1673,-30.84,-54.47,1060588.151563853,Pampa
1676,-30.91,-52.29,1059829.0079861484,Pampa
1677,-30.92,-52.3,1059720.4295814335,Pampa
1678,-30.94,-52.25,6357236.308583317,Pampa
1679,-30.945,-52.275,4237795.352471605,Pampa
1680,-31.04,-51.585,2116829.936635475,Pampa
1681,-31.05,-51.57,1058305.9699298707,Pampa
1682,-31.06,-51.585,2116393.8785156994,Pampa
1716,-31.961667,-52.545,4192897.2881633206,Pampa
1725,-32.259444,-53.178333,6269165.206517687,Pampa
