ID,LatitudeX,LongitudeY,Area,Bioma
132,-60.789999999999985,2.21,9.999999999997797e-05,Amazonia
133,-60.35999999999999,0.7700000000000005,0.00010000000000004902,Amazonia
136,-53.629999999999995,-1.6899999999999997,9.999999999992468e-05,Amazonia
138,-38.86999999999999,-3.5949999999999984,0.00019999999999995594,Caatinga
139,-42.79999999999999,-3.6500000000000004,0.00029999999999995167,Cerrado
140,-43.033333333333324,-3.653333333333333,0.0003000000000001294,Cerrado
141,-42.92,-3.8449999999999984,0.00020000000000009805,Cerrado
142,-47.77999999999999,-4.24,0.00010000000000003127,Amazonia
143,-43.565,-4.640000000000001,0.00020000000000006254,Cerrado
144,-41.989999999999995,-4.67,0.00010000000000003127,Cerrado
145,-43.115,-4.709999999999999,0.00019999999999992043,Cerrado
146,-43.14,-4.745000000000001,0.00019999999999995594,Cerrado
148,-43.519999999999996,-5.85,9.999999999996021e-05,Cerrado
149,-43.529999999999994,-5.859999999999999,0.00010000000000006679,Cerrado
150,-45.259999999999984,-5.984999999999998,0.000399999999999912,Cerrado
151,-46.60999999999999,-6.049999999999997,9.999999999996021e-05,Cerrado
152,-45.24499999999999,-6.16,0.00020000000000006254,Cerrado
153,-42.414285714285704,-6.342857142857141,0.0007000000000000412,Cerrado
154,-42.443333333333335,-6.336666666666668,0.00029999999999995167,Cerrado
155,-44.1,-6.384999999999999,0.00020000000000013358,Cerrado
156,-50.31999999999999,-6.405000000000001,0.0003999999999999829,Amazonia
157,-51.089999999999996,-6.58,0.00010000000000003127,Amazonia
158,-51.099999999999994,-6.590000000000001,9.999999999992468e-05,Amazonia
159,-42.254999999999995,-6.625,0.0003999999999999119,Cerrado
160,-47.525999999999996,-6.701999999999999,0.0005000000000000852,Cerrado
161,-47.59499999999999,-6.7,0.00020000000000006254,Cerrado
162,-47.565,-6.72,0.00020000000000006254,Cerrado
163,-47.46333333333332,-6.743333333333336,0.0003000000000000583,Cerrado
164,-47.54999999999999,-6.743333333333333,0.0008999999999999616,Cerrado
165,-44.38499999999999,-6.760000000000001,0.00019999999999999147,Cerrado
166,-48.30444444444444,-6.853333333333333,0.0008999999999999616,Amazonia
167,-47.61999999999999,-6.904999999999998,0.001000000000000064,Cerrado
168,-47.809999999999995,-6.91,0.00030000000000005825,Cerrado
169,-43.79,-6.930000000000002,0.0004999999999999788,Cerrado
171,-43.76999999999999,-6.980000000000001,9.999999999999574e-05,Cerrado
172,-43.77999999999999,-6.990000000000001,0.00010000000000003127,Cerrado
173,-43.593846153846144,-7.03153846153846,0.0013000000000000513,Cerrado
174,-42.94,-7.049999999999998,9.999999999996021e-05,Cerrado
175,-43.565,-7.059999999999999,0.00020000000000006254,Cerrado
176,-42.94999999999999,-7.059999999999998,9.999999999999574e-05,Cerrado
179,-47.14999999999999,-7.164999999999998,0.00019999999999995594,Cerrado
180,-47.06999999999999,-7.170000000000001,9.999999999996021e-05,Cerrado
181,-44.605999999999995,-7.182,0.0005000000000000142,Cerrado
182,-47.08,-7.179999999999998,9.999999999999574e-05,Cerrado
184,-44.13499999999999,-7.320000000000001,0.00020000000000006254,Cerrado
185,-44.13999999999999,-7.34,9.999999999999574e-05,Cerrado
186,-43.835,-7.344999999999999,0.0003999999999999119,Cerrado
187,-44.11999999999999,-7.35,9.999999999996021e-05,Cerrado
190,-44.552499999999995,-7.379999999999997,0.0004000000000000185,Cerrado
191,-44.169999999999995,-7.389999999999998,0.0003000000000001648,Cerrado
192,-44.13857142857141,-7.389999999999996,0.0007000000000000768,Cerrado
193,-47.81,-7.47,0.00010000000000006679,Cerrado
194,-45.35,-7.474999999999999,0.00020000000000013358,Cerrado
195,-47.82,-7.479999999999999,9.999999999999574e-05,Cerrado
196,-44.61999999999999,-7.549999999999999,9.999999999996021e-05,Cerrado
197,-44.605,-7.5649999999999995,0.0004000000000001251,Cerrado
198,-44.53888888888889,-7.598888888888889,0.0009000000000000325,Cerrado
199,-44.16882352941175,-7.673529411764704,0.001699999999999892,Cerrado
206,-48.13399999999999,-7.765999999999999,0.0005000000000000498,Cerrado
207,-48.34499999999999,-7.809999999999999,0.00020000000000006254,Cerrado
208,-45.64666666666667,-7.861111111111112,0.000899999999999855,Cerrado
210,-47.021249999999995,-7.884999999999999,0.0008000000000001079,Cerrado
211,-47.019999999999996,-7.909999999999999,9.999999999999574e-05,Cerrado
212,-47.00333333333332,-7.933333333333334,0.0005999999999999033,Cerrado
214,-44.410000000000004,-7.975,0.000400000000000054,Cerrado
215,-44.39999999999999,-7.9799999999999995,9.999999999999574e-05,Cerrado
216,-44.379999999999995,-7.979999999999999,0.0005000000000001564,Cerrado
217,-44.4,-7.990000000000001,9.999999999996021e-05,Cerrado
218,-48.04124999999999,-7.998749999999999,0.0007999999999999304,Cerrado
219,-46.53999999999999,-8.004999999999999,0.00019999999999995594,Cerrado
220,-47.19,-8.019999999999998,9.999999999999574e-05,Cerrado
221,-47.77999999999999,-8.03,0.00010000000000003127,Cerrado
222,-47.76499999999999,-8.04,0.00019999999999999147,Cerrado
223,-47.17666666666666,-8.038333333333334,0.000600000000000081,Cerrado
224,-44.55933333333332,-8.053999999999997,0.0014999999999999007,Cerrado
225,-41.73500000000001,-8.059999999999999,0.00020000000000006254,Caatinga
228,-44.69499999999999,-8.11,0.00019999999999999147,Cerrado
231,-44.69999999999999,-8.129999999999999,9.999999999999574e-05,Cerrado
233,-44.709999999999994,-8.14,0.00010000000000006679,Cerrado
234,-44.662857142857135,-8.137142857142857,0.0007000000000000412,Cerrado
235,-46.606666666666655,-8.183333333333332,0.0003000000000000228,Cerrado
236,-48.21571428571429,-8.198571428571428,0.0007000000000000055,Cerrado
237,-44.795,-8.214999999999998,0.0003999999999999119,Cerrado
238,-48.19999999999999,-8.219999999999999,0.00030000000000005825,Cerrado
239,-45.37999999999999,-8.225,0.00020000000000013358,Cerrado
240,-44.47,-8.245000000000001,0.00019999999999995594,Cerrado
241,-44.45666666666667,-8.263333333333334,0.0003000000000000583,Cerrado
242,-45.22999999999999,-8.282142857142855,0.0014000000000001177,Cerrado
243,-45.301999999999985,-8.322999999999997,0.0010000000000002771,Cerrado
244,-36.58,-8.335,0.00019999999999995594,Caatinga
245,-44.12999999999999,-8.34,0.00010000000000006679,Caatinga
246,-48.279999999999994,-8.355,0.00020000000000009805,Cerrado
247,-44.14499999999999,-8.350000000000001,0.00019999999999992043,Caatinga
248,-45.08,-8.375,0.00019999999999995594,Cerrado
249,-44.916363636363634,-8.383636363636363,0.0011000000000000597,Cerrado
250,-49.59999999999999,-8.4,0.00010000000000003127,Cerrado
252,-47.657999999999994,-8.433999999999997,0.0004999999999999787,Cerrado
253,-47.58000000000001,-8.427500000000002,0.0007999999999998236,Cerrado
254,-49.76499999999999,-8.444999999999999,0.0003999999999999119,Cerrado
255,-46.355999999999995,-8.472000000000001,0.0005000000000000852,Cerrado
256,-46.375,-8.495000000000003,0.000400000000000054,Cerrado
257,-47.660000000000004,-8.51,9.999999999996021e-05,Cerrado
258,-49.794999999999995,-8.524999999999999,0.0003999999999999119,Cerrado
259,-49.74499999999999,-8.519999999999998,0.00020000000000006254,Cerrado
260,-47.64999999999999,-8.52,9.999999999999574e-05,Cerrado
261,-49.809999999999995,-8.54,0.00010000000000006679,Cerrado
262,-47.35499999999999,-8.554999999999998,0.000400000000000054,Cerrado
263,-47.059999999999995,-8.57,0.00010000000000006679,Cerrado
264,-46.153749999999995,-8.55875,0.0007999999999999659,Cerrado
265,-47.04999999999999,-8.579999999999998,9.999999999996021e-05,Cerrado
266,-40.63,-8.58,0.00010000000000003127,Caatinga
267,-47.059999999999995,-8.59,0.00010000000000006679,Cerrado
268,-40.61999999999999,-8.59,9.999999999999574e-05,Caatinga
269,-45.276,-8.60266666666667,0.0014999999999999714,Cerrado
270,-45.219999999999985,-8.6,0.00029999999999995167,Cerrado
271,-45.19923076923076,-8.625384615384617,0.001299999999999909,Cerrado
272,-46.13749999999999,-8.652500000000002,0.000800000000000037,Cerrado
273,-45.70117647058824,-8.665882352941177,0.0016999999999999273,Cerrado
274,-48.055,-8.684999999999999,0.000400000000000054,Cerrado
275,-46.09999999999999,-8.704999999999997,0.00020000000000009805,Cerrado
276,-46.08,-8.704999999999998,0.00019999999999995594,Cerrado
277,-48.349999999999994,-8.750000000000002,0.00030000000000005825,Cerrado
278,-48.16666666666666,-8.763333333333334,0.0003000000000000583,Cerrado
279,-47.970000000000006,-8.765,0.00019999999999995594,Cerrado
280,-48.36333333333333,-8.773333333333332,0.0002999999999999516,Cerrado
281,-44.65,-8.79,9.999999999999574e-05,Cerrado
282,-46.22999999999999,-8.799999999999999,9.999999999996021e-05,Cerrado
283,-44.63333333333332,-8.796666666666665,0.0003000000000000583,Cerrado
284,-46.23999999999999,-8.809999999999999,0.00010000000000006679,Cerrado
285,-44.63199999999999,-8.818000000000003,0.0005000000000000497,Cerrado
286,-50.29999999999999,-8.840000000000002,9.999999999999574e-05,Amazonia
287,-50.24499999999999,-8.84,0.00020000000000006254,Amazonia
288,-50.315,-8.85,0.00019999999999999147,Amazonia
289,-50.269999999999996,-8.859999999999998,9.999999999999574e-05,Amazonia
290,-46.09999999999999,-8.875,0.00020000000000009805,Cerrado
291,-46.08,-8.875000000000002,0.00019999999999995594,Cerrado
295,-46.08,-8.905000000000001,0.00019999999999995594,Cerrado
296,-46.74249999999999,-8.9025,0.00040000000000016054,Cerrado
297,-44.324999999999996,-8.93,0.00019999999999999147,Cerrado
300,-46.136666666666656,-8.95333333333333,0.0003000000000000228,Cerrado
302,-49.972857142857144,-8.970000000000002,0.000699999999999899,Cerrado
303,-46.11,-8.965,0.00019999999999995594,Cerrado
304,-45.569999999999986,-8.969999999999995,0.0011000000000000241,Cerrado
305,-39.844545454545454,-8.972727272727273,0.0011000000000000241,Caatinga
306,-50.05874999999999,-8.981249999999998,0.0008000000000000724,Amazonia
307,-49.94,-8.995,0.00019999999999995594,Cerrado
308,-46.91833333333333,-8.991666666666667,0.0006000000000000809,Cerrado
309,-45.309999999999995,-8.99,0.00010000000000003127,Cerrado
310,-40.544999999999995,-8.99,0.00019999999999992043,Caatinga
311,-45.29999999999999,-9.0,9.999999999999574e-05,Cerrado
312,-49.49999999999999,-9.015,0.00039999999999998294,Cerrado
313,-46.885,-9.009999999999998,0.00019999999999999147,Cerrado
314,-49.209999999999994,-9.035,0.0006000000000000099,Cerrado
315,-46.865,-9.03,0.00019999999999992043,Cerrado
316,-49.714999999999996,-9.059999999999999,0.00019999999999999147,Cerrado
317,-46.73499999999999,-9.08,0.00019999999999999147,Cerrado
318,-46.39636363636363,-9.077272727272726,0.0010999999999999886,Cerrado
319,-49.438,-9.104000000000001,0.0004999999999999431,Cerrado
321,-50.21333333333333,-9.146666666666668,0.00029999999999991616,Amazonia
322,-61.4,-9.17,9.999999999996021e-05,Amazonia
323,-46.97999999999999,-9.18,9.999999999999574e-05,Cerrado
324,-48.42999999999999,-9.192499999999999,0.0003999999999999474,Cerrado
325,-48.059999999999995,-9.189999999999998,0.00010000000000003127,Cerrado
326,-47.455,-9.2,0.000999999999999957,Cerrado
327,-49.57,-9.219999999999999,0.00030000000000005825,Cerrado
328,-47.08571428571429,-9.244285714285716,0.0006999999999998281,Cerrado
329,-46.22166666666667,-9.238333333333333,0.0005999999999999389,Cerrado
330,-49.54875,-9.23875,0.0007999999999999303,Cerrado
331,-47.39333333333334,-9.236666666666668,0.00029999999999991616,Cerrado
332,-47.13,-9.249999999999998,0.00010000000000006679,Cerrado
333,-48.27333333333332,-9.259999999999998,0.0005999999999999743,Cerrado
334,-47.11999999999999,-9.265,0.00019999999999995594,Cerrado
335,-46.6675,-9.27,0.0004000000000001251,Cerrado
336,-43.21499999999998,-9.259999999999996,0.000400000000000054,Caatinga
337,-47.15999999999998,-9.250769230769228,0.0013000000000000511,Cerrado
338,-47.0925,-9.277499999999998,0.00040000000000001845,Cerrado
339,-45.559999999999995,-9.29,0.00010000000000006679,Cerrado
340,-45.563636363636355,-9.314545454545454,0.0011000000000000241,Cerrado
341,-44.66999999999999,-9.302222222222222,0.0008999999999999616,Cerrado
342,-48.46499999999999,-9.309999999999999,0.00020000000000006254,Cerrado
343,-48.12500000000001,-9.306666666666667,0.0006000000000000454,Cerrado
344,-40.23,-9.309999999999999,9.999999999999574e-05,Caatinga
345,-49.519999999999996,-9.325000000000001,0.00019999999999995594,Cerrado
346,-47.584999999999994,-9.32,0.00019999999999999147,Cerrado
347,-45.589999999999996,-9.32,9.999999999999574e-05,Cerrado
348,-44.69999999999999,-9.32,0.00030000000000005825,Cerrado
349,-49.638,-9.374,0.0005000000000000142,Cerrado
350,-47.26499999999999,-9.385,0.00039999999999998294,Cerrado
351,-50.59499999999999,-9.405,0.000400000000000054,Amazonia
352,-48.524999999999984,-9.41,0.00020000000000006254,Cerrado
353,-47.39499999999999,-9.409999999999998,0.00019999999999999147,Cerrado
354,-50.8225,-9.413749999999997,0.0007999999999999304,Amazonia
355,-49.79999999999999,-9.43,9.999999999999574e-05,Cerrado
356,-50.44399999999999,-9.437999999999997,0.0005000000000000497,Amazonia
357,-49.663999999999994,-9.447999999999999,0.0005000000000000142,Cerrado
358,-45.205000000000005,-9.454999999999997,0.001199999999999949,Cerrado
359,-49.78875,-9.45125,0.0008000000000000013,Cerrado
360,-49.63499999999999,-9.45,0.00020000000000006254,Cerrado
361,-46.839999999999996,-9.454999999999998,0.00019999999999995594,Cerrado
362,-46.76333333333333,-9.453333333333331,0.0002999999999999516,Cerrado
363,-49.67999999999999,-9.46,9.999999999996021e-05,Cerrado
364,-40.42999999999999,-9.46,9.999999999996021e-05,Caatinga
365,-50.61,-9.4675,0.00040000000000001845,Amazonia
366,-46.83,-9.475000000000001,0.00019999999999999147,Cerrado
367,-40.34599999999999,-9.478,0.0005000000000001564,Caatinga
368,-40.43333333333331,-9.481666666666666,0.0006000000000000454,Caatinga
369,-49.72,-9.504999999999999,0.00019999999999995594,Cerrado
370,-47.5,-9.504999999999999,0.00019999999999995594,Cerrado
371,-63.12499999999999,-9.53,0.00019999999999992043,Amazonia
372,-40.33666666666666,-9.536666666666667,0.00029999999999995167,Caatinga
373,-47.306666666666665,-9.556666666666665,0.0003000000000000938,Cerrado
374,-49.85999999999999,-9.58,9.999999999996021e-05,Cerrado
375,-50.42,-9.59,0.00010000000000006679,Amazonia
376,-49.84499999999999,-9.59,0.00020000000000006254,Cerrado
377,-47.346666666666664,-9.596666666666664,0.00030000000000005825,Cerrado
378,-46.85999999999999,-9.605,0.00019999999999995594,Cerrado
379,-40.335,-9.61,0.00019999999999999147,Caatinga
380,-40.59749999999999,-9.627500000000001,0.00040000000000012503,Caatinga
381,-49.819999999999986,-9.63,9.999999999999574e-05,Cerrado
382,-49.84444444444444,-9.62777777777778,0.0009000000000000683,Cerrado
383,-47.216666666666654,-9.656666666666668,0.00030000000000002274,Cerrado
384,-40.60999999999999,-9.655000000000001,0.00019999999999995594,Caatinga
385,-50.675000000000004,-9.670000000000002,0.00019999999999999147,Amazonia
386,-49.724999999999994,-9.674999999999999,0.0003999999999999119,Cerrado
387,-50.68999999999999,-9.680000000000001,9.999999999999574e-05,Amazonia
388,-47.01,-9.709999999999999,9.999999999996021e-05,Cerrado
389,-49.63666666666666,-9.723333333333333,0.00030000000000005825,Cerrado
390,-47.019999999999996,-9.719999999999999,9.999999999999574e-05,Cerrado
391,-48.44,-9.735,0.00019999999999995594,Cerrado
392,-49.059999999999995,-9.754999999999999,0.00020000000000009805,Cerrado
393,-41.865,-9.769999999999998,0.00019999999999999147,Caatinga
394,-64.925,-9.785,0.0004000000000001961,Amazonia
395,-53.54999999999999,-9.799999999999997,9.999999999996021e-05,Amazonia
396,-53.54,-9.809999999999999,9.999999999999574e-05,Amazonia
397,-50.00333333333334,-9.823333333333332,0.0002999999999999516,Cerrado
398,-45.800000000000004,-9.85,0.00029999999999995167,Cerrado
399,-47.375,-9.850000000000001,0.00019999999999999147,Cerrado
400,-47.359999999999985,-9.860000000000001,9.999999999999574e-05,Cerrado
401,-49.355,-9.874999999999998,0.000400000000000054,Cerrado
402,-48.44999999999998,-9.895,0.00019999999999995594,Cerrado
403,-50.605,-9.91,0.00020000000000006254,Amazonia
404,-46.47999999999999,-9.91,9.999999999999574e-05,Cerrado
405,-46.459999999999994,-9.91,0.00010000000000006679,Cerrado
406,-49.92499999999999,-9.92,0.00019999999999999147,Cerrado
407,-46.470000000000006,-9.92,9.999999999996021e-05,Cerrado
408,-50.63333333333332,-9.924444444444442,0.0009000000000000682,Amazonia
409,-50.61666666666666,-9.936666666666666,0.00029999999999991616,Amazonia
410,-50.60999999999999,-9.93,9.999999999999574e-05,Amazonia
411,-47.334999999999994,-9.968750000000002,0.0007999999999999301,Cerrado
412,-50.599999999999994,-9.99,0.00010000000000003127,Amazonia
413,-46.6581818181818,-9.989999999999997,0.0010999999999999177,Cerrado
414,-50.59777777777777,-9.965277777777777,0.00360000000000006,Amazonia
415,-46.69,-10.010000000000002,9.999999999996021e-05,Cerrado
416,-53.679999999999986,-10.026666666666664,0.0009000000000000327,Amazonia
417,-46.69999999999998,-10.019999999999998,9.999999999999574e-05,Cerrado
418,-49.11999999999998,-10.04,9.999999999999574e-05,Cerrado
419,-46.54,-10.049999999999999,9.999999999996021e-05,Cerrado
420,-49.809999999999995,-10.065999999999999,0.0005000000000000497,Cerrado
421,-53.622499999999995,-10.0725,0.0003999999999999474,Amazonia
422,-46.775000000000006,-10.066666666666668,0.0012000000000000552,Cerrado
423,-46.563,-10.074999999999998,0.002000000000000092,Cerrado
424,-51.85333333333333,-10.09333333333333,0.0002999999999998806,Amazonia
425,-46.599999999999994,-10.090000000000002,0.00010000000000006679,Cerrado
426,-46.26999999999999,-10.09,0.00030000000000005825,Cerrado
427,-46.59,-10.100000000000001,9.999999999996021e-05,Cerrado
428,-42.404999999999994,-10.12,0.0003999999999999119,Caatinga
429,-46.448,-10.126,0.0004999999999999787,Cerrado
430,-42.39999999999999,-10.14,9.999999999999574e-05,Caatinga
431,-46.86249999999998,-10.1625,0.0004000000000000185,Cerrado
432,-46.96666666666666,-10.181666666666667,0.0005999999999999388,Cerrado
433,-46.759999999999984,-10.197500000000002,0.0003999999999999474,Cerrado
434,-47.00235294117647,-10.211176470588237,0.001699999999999785,Cerrado
435,-46.493333333333325,-10.233333333333334,0.00030000000000009376,Cerrado
436,-46.459999999999994,-10.24,0.00010000000000003127,Cerrado
437,-46.44499999999999,-10.25,0.00019999999999999147,Cerrado
438,-46.67999999999999,-10.26,9.999999999996021e-05,Cerrado
439,-46.01799999999999,-10.252,0.0009999999999998864,Cerrado
440,-46.669999999999995,-10.270000000000001,0.00010000000000006679,Cerrado
441,-46.664999999999985,-10.303333333333331,0.0006000000000001521,Cerrado
442,-46.66,-10.299999999999999,9.999999999996021e-05,Cerrado
443,-46.63857142857143,-10.30714285714286,0.0007000000000000412,Cerrado
444,-46.73,-10.327777777777778,0.0018000000000002073,Cerrado
445,-46.70999999999999,-10.329999999999998,0.00010000000000003127,Cerrado
446,-46.68599999999999,-10.327999999999998,0.0004999999999999076,Cerrado
447,-56.11714285714286,-10.34857142857143,0.0007000000000002543,Amazonia
448,-50.724999999999994,-10.34,0.00019999999999999147,Amazonia
449,-49.495,-10.336666666666666,0.0006000000000000454,Cerrado
450,-49.21,-10.34,9.999999999999574e-05,Cerrado
451,-46.49499999999999,-10.34,0.00020000000000006254,Cerrado
452,-46.36999999999999,-10.34,9.999999999999574e-05,Cerrado
453,-50.745,-10.35,0.00019999999999999147,Amazonia
454,-46.46499999999998,-10.349999999999996,0.000400000000000054,Cerrado
455,-46.339999999999975,-10.34363636363636,0.0011000000000000244,Cerrado
456,-48.47,-10.359999999999998,9.999999999999574e-05,Cerrado
457,-46.85285714285713,-10.355714285714287,0.0007000000000000056,Cerrado
458,-46.21999999999999,-10.357999999999999,0.0004999999999999432,Cerrado
459,-48.64,-10.375,0.00019999999999995594,Cerrado
460,-48.485,-10.37,0.00019999999999999147,Cerrado
461,-46.42749999999999,-10.379999999999999,0.00040000000000001845,Cerrado
462,-49.62374999999999,-10.377499999999998,0.0008000000000000725,Cerrado
463,-46.827777777777776,-10.385555555555554,0.0008999999999999615,Cerrado
464,-57.714999999999996,-10.39,0.00019999999999999147,Amazonia
465,-49.58,-10.392857142857142,0.0006999999999998635,Cerrado
466,-48.46,-10.385,0.0004000000000001251,Cerrado
467,-49.794999999999995,-10.399999999999999,0.00019999999999992043,Cerrado
468,-44.43733333333332,-10.390666666666664,0.001500000000000149,Caatinga
469,-48.44999999999999,-10.405000000000001,0.000399999999999983,Cerrado
470,-49.809999999999995,-10.42,0.00010000000000003127,Cerrado
471,-49.79,-10.420000000000002,9.999999999996021e-05,Cerrado
472,-48.48749999999999,-10.417500000000002,0.0003999999999999474,Cerrado
473,-46.80499999999999,-10.42,0.00019999999999999147,Cerrado
474,-46.29,-10.420000000000002,9.999999999996021e-05,Cerrado
475,-52.045,-10.435,0.0003999999999999119,Amazonia
476,-49.79999999999999,-10.43,9.999999999999574e-05,Cerrado
477,-46.31999999999999,-10.43,9.999999999999574e-05,Cerrado
478,-48.49499999999999,-10.439999999999998,0.00019999999999999147,Cerrado
479,-46.304999999999986,-10.441666666666665,0.00060000000000001,Cerrado
480,-46.295,-10.459999999999999,0.00019999999999992043,Cerrado
481,-49.72999999999999,-10.469999999999999,9.999999999999574e-05,Cerrado
482,-47.735,-10.47,0.00020000000000006254,Cerrado
483,-44.562,-10.475999999999999,0.0005000000000001208,Caatinga
484,-42.42499999999999,-10.47,0.00020000000000006254,Caatinga
485,-49.74,-10.48,0.00010000000000006679,Cerrado
486,-48.89363636363637,-10.466363636363635,0.0010999999999999888,Cerrado
487,-46.79999999999999,-10.48,9.999999999999574e-05,Cerrado
488,-49.898541666666645,-10.462291666666667,0.004799999999999547,Cerrado
489,-49.69761904761906,-10.492380952380957,0.0020999999999999457,Cerrado
490,-49.60499999999998,-10.489999999999997,0.0005999999999999745,Cerrado
491,-48.58,-10.49,9.999999999996021e-05,Cerrado
492,-46.07499999999999,-10.49,0.00019999999999992043,Cerrado
493,-42.449999999999996,-10.5,0.0008000000000000369,Caatinga
494,-49.55272727272726,-10.495454545454544,0.00110000000000006,Cerrado
495,-48.55874999999999,-10.5075,0.0007999999999999659,Cerrado
496,-46.794,-10.501999999999999,0.0004999999999998721,Cerrado
497,-46.06,-10.500000000000002,0.00010000000000006679,Cerrado
498,-48.83,-10.524999999999999,0.00019999999999995594,Cerrado
499,-46.913999999999994,-10.527999999999995,0.0005000000000000497,Cerrado
500,-52.083333333333336,-10.526666666666666,0.00029999999999998723,Amazonia
501,-49.80999999999999,-10.517499999999998,0.0012000000000000554,Cerrado
502,-48.39,-10.539999999999997,0.00029999999999991616,Cerrado
503,-49.839999999999996,-10.54,9.999999999999574e-05,Cerrado
504,-46.07666666666667,-10.543333333333333,0.0002999999999999517,Cerrado
505,-49.9,-10.549999999999999,9.999999999996021e-05,Cerrado
506,-49.809999999999995,-10.549999999999999,0.00010000000000003127,Cerrado
507,-49.73055555555554,-10.54722222222222,0.0017999999999999592,Cerrado
508,-46.865,-10.549999999999999,0.00019999999999992043,Cerrado
509,-46.89999999999999,-10.57,9.999999999999574e-05,Cerrado
510,-46.879999999999995,-10.57,0.00010000000000006679,Cerrado
511,-49.40333333333333,-10.583333333333332,0.00029999999999991616,Cerrado
512,-48.285,-10.58,0.00019999999999999147,Cerrado
513,-46.89,-10.58,9.999999999996021e-05,Cerrado
514,-43.26199999999998,-10.589999999999998,0.0004999999999999076,Caatinga
516,-46.53166666666666,-10.596666666666664,0.0005999999999999745,Cerrado
517,-46.545,-10.625,0.0003999999999999119,Cerrado
518,-49.889666666666685,-10.595333333333334,0.0029999999999999792,Cerrado
519,-46.625,-10.63,0.001000000000000064,Cerrado
520,-46.97,-10.64,9.999999999999574e-05,Cerrado
521,-46.903376623376595,-10.638961038961037,0.00770000000000017,Cerrado
522,-46.44363636363636,-10.629999999999999,0.0010999999999999886,Cerrado
523,-49.836000000000006,-10.635000000000002,0.0010000000000000284,Cerrado
524,-39.19666666666666,-10.651666666666666,0.0005999999999998678,Caatinga
525,-52.083333333333336,-10.65666666666667,0.00030000000000002274,Amazonia
526,-46.91,-10.659999999999998,9.999999999999574e-05,Cerrado
527,-39.17999999999999,-10.659999999999998,9.999999999999574e-05,Caatinga
528,-48.36666666666666,-10.673333333333334,0.00029999999999991616,Cerrado
529,-46.94999999999999,-10.67,9.999999999996021e-05,Cerrado
530,-49.434285714285714,-10.682857142857143,0.0006999999999999702,Cerrado
531,-46.69499999999999,-10.69,0.00039999999999991193,Cerrado
532,-49.82764705882352,-10.681176470588234,0.0016999999999999277,Cerrado
533,-46.367999999999995,-10.685999999999998,0.0004999999999999432,Cerrado
534,-52.25,-10.699999999999998,0.00010000000000006679,Amazonia
535,-46.71666666666666,-10.703333333333331,0.0003000000000000228,Cerrado
536,-52.28666666666666,-10.716666666666669,0.00030000000000002274,Amazonia
537,-52.25999999999999,-10.709999999999999,9.999999999996021e-05,Amazonia
538,-46.669999999999995,-10.71,0.00010000000000003127,Cerrado
539,-49.41499999999999,-10.719999999999999,0.00020000000000006254,Cerrado
540,-46.71,-10.719999999999999,0.00010000000000006679,Cerrado
541,-46.576499999999996,-10.7065,0.004000000000000114,Cerrado
542,-46.966666666666654,-10.73333333333333,0.0003000000000000228,Cerrado
543,-46.94,-10.73,9.999999999999574e-05,Cerrado
544,-46.38799999999999,-10.725999999999997,0.0005000000000001208,Cerrado
545,-41.3,-10.730000000000002,0.00030000000000005825,Caatinga
546,-46.54,-10.74,9.999999999996021e-05,Cerrado
547,-52.81,-10.754999999999999,0.00020000000000009805,Amazonia
548,-49.83,-10.75,9.999999999999574e-05,Cerrado
549,-49.653333333333336,-10.753333333333332,0.0002999999999999516,Cerrado
550,-49.47333333333332,-10.753333333333332,0.0002999999999999516,Cerrado
551,-46.64,-10.75,9.999999999999574e-05,Cerrado
552,-46.595,-10.75,0.00020000000000006254,Cerrado
553,-49.42999999999999,-10.775,0.00039999999999998294,Cerrado
554,-48.527499999999996,-10.767499999999998,0.0004000000000000185,Cerrado
555,-47.485,-10.77,0.00020000000000006254,Cerrado
556,-49.504999999999995,-10.780000000000001,0.00019999999999992043,Cerrado
557,-47.5,-10.780000000000001,9.999999999996021e-05,Cerrado
558,-46.70999999999999,-10.780000000000001,0.00010000000000003127,Cerrado
559,-49.78999999999999,-10.79,9.999999999999574e-05,Cerrado
560,-46.735,-10.79,0.00020000000000006254,Cerrado
561,-46.67633333333332,-10.763333333333332,0.002999999999999838,Cerrado
562,-55.455,-10.799999999999997,0.00019999999999999147,Amazonia
563,-49.92999999999999,-10.799999999999999,9.999999999996021e-05,Cerrado
564,-49.459999999999994,-10.799999999999999,9.999999999996021e-05,Cerrado
565,-47.46999999999999,-10.7975,0.0003999999999999475,Cerrado
566,-46.95836956521738,-10.751847826086953,0.009199999999999962,Cerrado
567,-47.106666666666655,-10.79444444444444,0.0008999999999999616,Cerrado
568,-49.77018181818181,-10.759454545454547,0.005500000000000047,Cerrado
569,-49.919999999999995,-10.81,0.00010000000000006679,Cerrado
570,-46.72999999999999,-10.809999999999999,9.999999999999574e-05,Cerrado
571,-46.36899999999998,-10.81,0.0010000000000000642,Cerrado
572,-49.58,-10.83,9.999999999996021e-05,Cerrado
573,-49.45799999999999,-10.826,0.0005000000000000142,Cerrado
574,-46.75,-10.83,9.999999999996021e-05,Cerrado
575,-56.705,-10.844999999999999,0.000400000000000054,Amazonia
576,-49.53999999999999,-10.843636363636362,0.0011000000000000241,Cerrado
577,-49.44,-10.84,9.999999999999574e-05,Cerrado
578,-50.54333333333333,-10.846666666666668,0.00029999999999991616,Cerrado
579,-49.91063829787235,-10.803617021276596,0.0046999999999998,Cerrado
580,-49.469999999999985,-10.85,0.0002999999999998806,Cerrado
581,-49.254999999999995,-10.855,0.0003999999999999119,Cerrado
582,-46.779999999999994,-10.850000000000001,0.00010000000000003127,Cerrado
583,-51.81333333333333,-10.863333333333332,0.00030000000000009376,Cerrado
584,-46.75176470588234,-10.839999999999996,0.001700000000000141,Cerrado
585,-46.47999999999999,-10.86,0.00030000000000005825,Cerrado
586,-49.89,-10.87,9.999999999996021e-05,Cerrado
587,-49.94399999999998,-10.877999999999998,0.0005000000000000497,Cerrado
588,-54.605,-10.884999999999998,0.00039999999999998294,Amazonia
589,-49.919999999999995,-10.89,0.00010000000000006679,Cerrado
590,-49.65164556962025,-10.871392405063292,0.007900000000000301,Cerrado
591,-49.92999999999999,-10.9,9.999999999996021e-05,Cerrado
592,-49.87333333333332,-10.896666666666668,0.00029999999999998723,Cerrado
593,-54.21599999999999,-10.921999999999999,0.0004999999999999076,Amazonia
594,-49.779999999999994,-10.915,0.00020000000000009805,Cerrado
595,-46.55555555555556,-10.915555555555555,0.000899999999999997,Cerrado
596,-46.47999999999999,-10.909999999999998,9.999999999999574e-05,Cerrado
597,-49.53499999999999,-10.93,0.0006000000000000455,Cerrado
598,-46.463333333333324,-10.916666666666664,0.0003000000000000583,Cerrado
599,-49.94384615384615,-10.933846153846154,0.00129999999999998,Cerrado
600,-49.87999999999999,-10.922857142857145,0.002099999999999803,Cerrado
601,-48.09749999999998,-10.932499999999996,0.0004000000000000185,Cerrado
602,-42.85583333333332,-10.923333333333332,0.0011999999999998778,Caatinga
603,-51.06999999999999,-10.950000000000001,9.999999999999574e-05,Cerrado
604,-49.90249999999999,-10.9575,0.00039999999999987637,Cerrado
605,-46.499999999999986,-10.95,0.00030000000000005825,Cerrado
606,-54.505,-10.959999999999999,0.00019999999999999147,Amazonia
607,-51.059999999999995,-10.959999999999999,0.00010000000000003127,Cerrado
608,-48.978333333333325,-10.954999999999998,0.0005999999999999389,Cerrado
609,-50.47249999999998,-10.959999999999997,0.00039999999999991193,Cerrado
610,-41.858181818181805,-10.979090909090901,0.0011000000000000948,Caatinga
611,-46.524999999999984,-10.975,0.0006000000000001165,Cerrado
612,-41.85399999999999,-10.988000000000001,0.0005000000000001208,Caatinga
613,-47.3,-10.99,9.999999999996021e-05,Cerrado
614,-47.285,-11.0,0.00020000000000006254,Cerrado
615,-45.690000000000005,-11.008947368421053,0.0019000000000000965,Cerrado
616,-41.856666666666655,-11.006666666666666,0.00029999999999998723,Caatinga
617,-50.834999999999994,-11.019999999999998,0.00019999999999999147,Cerrado
618,-48.13499999999999,-11.020000000000001,0.00020000000000006254,Cerrado
619,-46.694999999999986,-11.019999999999998,0.00019999999999999147,Cerrado
620,-55.64,-11.027499999999996,0.0003999999999999475,Amazonia
621,-54.900000000000006,-11.03,9.999999999996021e-05,Amazonia
622,-48.46899999999999,-11.016999999999996,0.001000000000000064,Cerrado
623,-52.3875,-11.037500000000001,0.00039999999999987637,Amazonia
624,-48.474999999999994,-11.05,0.00019999999999999147,Cerrado
625,-52.561250000000015,-11.048750000000002,0.000800000000000037,Amazonia
626,-51.58333333333334,-11.056666666666667,0.00029999999999998723,Cerrado
627,-49.6542857142857,-11.099999999999998,0.0013999999999999404,Cerrado
628,-45.47999999999999,-11.08,9.999999999996021e-05,Cerrado
631,-52.53999999999999,-11.09,9.999999999999574e-05,Amazonia
632,-52.54999999999999,-11.1,9.999999999996021e-05,Amazonia
633,-43.30499999999999,-11.11,0.00020000000000006254,Caatinga
634,-46.96999999999999,-11.12,9.999999999996021e-05,Cerrado
636,-47.02499999999999,-11.129999999999999,0.00020000000000006254,Cerrado
637,-46.995,-11.129999999999999,0.00020000000000006254,Cerrado
638,-46.959999999999994,-11.13,0.00010000000000006679,Cerrado
639,-43.30499999999999,-11.129999999999999,0.00020000000000006254,Caatinga
640,-52.230000000000004,-11.139999999999999,0.00010000000000006679,Amazonia
641,-52.209999999999994,-11.145,0.00019999999999995594,Amazonia
642,-43.32666666666666,-11.143333333333333,0.0002999999999999517,Caatinga
643,-54.730000000000004,-11.149999999999999,0.00010000000000003127,Amazonia
644,-52.22399999999999,-11.164,0.0004999999999999075,Amazonia
645,-56.184999999999995,-11.17,0.00019999999999992043,Amazonia
646,-54.274999999999984,-11.2,0.00020000000000006254,Amazonia
647,-52.50333333333333,-11.196666666666664,0.00030000000000009376,Amazonia
648,-46.94,-11.199999999999998,9.999999999999574e-05,Cerrado
649,-54.175000000000004,-11.214999999999998,0.000400000000000054,Amazonia
650,-46.925000000000004,-11.209999999999999,0.00019999999999999147,Cerrado
651,-46.91,-11.219999999999999,9.999999999999574e-05,Cerrado
652,-42.182857142857145,-11.21,0.000699999999999899,Caatinga
653,-52.42285714285715,-11.23857142857143,0.0007000000000001122,Amazonia
654,-49.644999999999996,-11.242999999999999,0.000999999999999922,Cerrado
655,-46.315,-11.23,0.00020000000000006254,Cerrado
656,-55.86,-11.24,0.00010000000000003127,Amazonia
658,-52.245,-11.28,0.00019999999999992043,Amazonia
659,-55.004999999999995,-11.3,0.00020000000000006254,Amazonia
660,-48.20666666666666,-11.313333333333336,0.0003000000000000583,Cerrado
661,-47.88124999999999,-11.325000000000003,0.000800000000000037,Cerrado
662,-38.595,-11.309999999999999,0.00019999999999999147,Caatinga
663,-48.83499999999999,-11.35,0.00019999999999992043,Cerrado
664,-49.639999999999986,-11.349285714285712,0.0013999999999999761,Cerrado
665,-56.059999999999995,-11.37,0.00010000000000003127,Amazonia
666,-56.04999999999999,-11.379999999999999,9.999999999999574e-05,Amazonia
667,-55.88666666666666,-11.386666666666665,0.00030000000000005825,Amazonia
668,-49.656363636363636,-11.389090909090907,0.0011000000000000597,Cerrado
669,-47.87999999999999,-11.389999999999999,0.00010000000000006679,Cerrado
670,-47.87,-11.4,9.999999999996021e-05,Cerrado
671,-54.75,-11.42,0.00010000000000003127,Amazonia
672,-49.95058823529412,-11.452352941176471,0.0016999999999998561,Cerrado
673,-49.615,-11.454999999999998,0.0003999999999999119,Cerrado
674,-46.69999999999999,-11.454999999999998,0.00019999999999995594,Cerrado
675,-46.07499999999999,-11.46,0.00019999999999992043,Cerrado
676,-46.044999999999995,-11.465,0.0003999999999999119,Cerrado
677,-48.44,-11.467500000000001,0.0003999999999999474,Cerrado
678,-57.584999999999994,-11.48,0.00020000000000006254,Amazonia
679,-54.791666666666664,-11.481666666666666,0.0012000000000001265,Amazonia
680,-52.633333333333326,-11.476666666666668,0.00029999999999991616,Amazonia
681,-52.60499999999999,-11.48,0.00019999999999999147,Amazonia
682,-49.90666666666666,-11.483333333333333,0.0002999999999999517,Cerrado
683,-48.416666666666664,-11.486666666666665,0.00030000000000005825,Cerrado
684,-44.94166666666666,-11.488333333333332,0.0005999999999998678,Cerrado
685,-56.10666666666666,-11.493333333333336,0.00029999999999998723,Amazonia
686,-46.0735294117647,-11.49588235294118,0.001699999999999892,Cerrado
687,-49.992000000000004,-11.504000000000001,0.0005000000000000497,Cerrado
688,-46.089999999999996,-11.5,9.999999999999574e-05,Cerrado
689,-56.1,-11.51,9.999999999988916e-05,Amazonia
690,-46.04999999999999,-11.509999999999998,9.999999999996021e-05,Cerrado
691,-55.89333333333334,-11.523333333333332,0.00030000000000009376,Amazonia
692,-48.425,-11.545,0.0004000000000001251,Cerrado
693,-52.135,-11.565000000000001,0.0003999999999999119,Amazonia
694,-45.67999999999999,-11.56,9.999999999996021e-05,Cerrado
695,-49.21,-11.575,0.00019999999999995594,Cerrado
696,-45.72999999999999,-11.57,9.999999999999574e-05,Cerrado
697,-47.14000000000001,-11.580000000000002,9.999999999996021e-05,Cerrado
698,-45.68470588235292,-11.584117647058825,0.0017000000000000695,Cerrado
699,-49.17999999999999,-11.59,9.999999999999574e-05,Cerrado
700,-54.705714285714265,-11.601428571428569,0.000699999999999899,Amazonia
701,-55.75727272727272,-11.638181818181815,0.0010999999999998823,Amazonia
702,-55.291999999999994,-11.624,0.0004999999999999431,Amazonia
703,-56.184999999999995,-11.629999999999999,0.00019999999999999147,Amazonia
704,-46.494285714285716,-11.622857142857143,0.0007000000000000766,Cerrado
705,-56.169999999999995,-11.64,0.00010000000000006679,Amazonia
706,-45.39000000000001,-11.649999999999999,9.999999999996021e-05,Cerrado
707,-49.650000000000006,-11.662500000000003,0.0003999999999999474,Cerrado
708,-55.245,-11.670000000000002,0.00019999999999992043,Amazonia
709,-58.445,-11.68,0.00020000000000006254,Amazonia
710,-45.378999999999984,-11.674,0.0010000000000000284,Cerrado
712,-45.39,-11.699999999999998,9.999999999999574e-05,Cerrado
713,-54.68,-11.71,9.999999999996021e-05,Amazonia
714,-51.295,-11.715000000000002,0.0003999999999999119,Cerrado
715,-54.67000000000001,-11.719999999999999,0.00010000000000006679,Amazonia
716,-54.889999999999986,-11.73,0.00010000000000006679,Amazonia
717,-52.77,-11.740000000000002,9.999999999996021e-05,Amazonia
718,-52.75,-11.745000000000001,0.00020000000000009805,Amazonia
719,-52.444999999999986,-11.749999999999995,0.00040000000000005396,Amazonia
720,-54.945,-11.759999999999998,0.00019999999999999147,Amazonia
721,-52.76,-11.76,9.999999999996021e-05,Amazonia
722,-45.769999999999996,-11.76,9.999999999996021e-05,Cerrado
723,-52.36750000000002,-11.760000000000002,0.00040000000000019615,Amazonia
724,-54.349999999999994,-11.77,9.999999999992468e-05,Amazonia
725,-45.7418181818182,-11.749090909090913,0.0010999999999999884,Cerrado
726,-56.06999999999999,-11.784999999999998,0.0006000000000000099,Amazonia
727,-45.739999999999995,-11.789999999999997,0.00010000000000006679,Cerrado
728,-55.72333333333333,-11.813333333333334,0.0002999999999999872,Amazonia
729,-51.959999999999994,-11.810000000000002,9.999999999996021e-05,Amazonia
730,-51.57,-11.82,9.999999999999574e-05,Amazonia
731,-47.39727272727273,-11.827272727272728,0.0011000000000000241,Cerrado
732,-55.71,-11.83,9.999999999996021e-05,Amazonia
733,-54.535384615384615,-11.82538461538462,0.0013000000000000511,Amazonia
734,-51.96666666666666,-11.863333333333332,0.0002999999999999517,Amazonia
735,-49.68728395061728,-11.801481481481487,0.0080999999999999,Cerrado
736,-55.74333333333331,-11.866666666666667,0.0002999999999998451,Amazonia
737,-49.71,-11.87,9.999999999996021e-05,Cerrado
738,-45.633333333333326,-11.873333333333335,0.0003000000000000583,Cerrado
739,-44.169999999999995,-11.899999999999999,0.00010000000000003127,Caatinga
740,-42.94,-11.9,9.999999999996021e-05,Caatinga
741,-47.26499999999999,-11.91,0.00019999999999999147,Cerrado
742,-44.17999999999999,-11.91,9.999999999999574e-05,Caatinga
743,-42.92333333333333,-11.913333333333334,0.00030000000000009376,Caatinga
744,-42.94,-11.920000000000002,9.999999999996021e-05,Caatinga
745,-54.486666666666665,-11.93,0.0006000000000001165,Amazonia
746,-44.14999999999999,-11.922500000000001,0.00039999999999987637,Caatinga
747,-44.11999999999999,-11.925,0.00019999999999995594,Caatinga
748,-44.175,-11.939999999999998,0.00019999999999999147,Caatinga
749,-44.13499999999999,-11.939999999999998,0.00019999999999999147,Caatinga
750,-46.97,-11.95,0.00030000000000005825,Cerrado
751,-44.160000000000004,-11.954999999999998,0.00019999999999995594,Caatinga
752,-42.489999999999995,-11.95,0.00010000000000006679,Caatinga
753,-52.79999999999999,-11.959999999999999,9.999999999996021e-05,Amazonia
754,-42.5,-11.964999999999998,0.00019999999999995594,Caatinga
755,-52.809999999999995,-11.969999999999999,0.00010000000000006679,Amazonia
756,-54.31999999999999,-11.98,9.999999999999574e-05,Amazonia
757,-49.69259259259257,-11.9437037037037,0.0027000000000001693,Cerrado
758,-46.81666666666666,-11.98333333333333,0.0003000000000000228,Cerrado
759,-52.03499999999999,-12.0,0.00020000000000006254,Amazonia
760,-43.648666666666664,-12.019999999999996,0.0015000000000000074,Caatinga
761,-54.339999999999996,-12.01,0.00010000000000003127,Amazonia
762,-46.833333333333336,-12.006666666666668,0.00029999999999991616,Cerrado
763,-46.82499999999999,-12.03,0.00019999999999992043,Cerrado
764,-43.67,-12.030000000000001,0.00010000000000003127,Caatinga
765,-55.02666666666665,-12.053333333333335,0.0003000000000000938,Amazonia
766,-48.81,-12.050000000000002,0.00010000000000006679,Cerrado
767,-57.81,-12.06,0.00010000000000003127,Amazonia
768,-48.825,-12.06,0.00019999999999992043,Cerrado
769,-57.38333333333333,-12.069999999999999,0.0005999999999998323,Amazonia
770,-54.77333333333332,-12.068888888888887,0.000899999999999997,Amazonia
771,-46.71499999999999,-12.07,0.00020000000000006254,Cerrado
772,-48.55499999999999,-12.08,0.00019999999999999147,Cerrado
773,-55.03777777777777,-12.091111111111115,0.0009000000000000683,Amazonia
774,-48.90333333333332,-12.088333333333336,0.0005999999999998678,Cerrado
775,-50.36874999999999,-12.101250000000002,0.0008000000000000014,Cerrado
776,-48.54999999999999,-12.105,0.00019999999999995594,Cerrado
777,-49.685,-12.11,0.00019999999999999147,Cerrado
778,-49.673076923076934,-12.136923076923077,0.0013000000000001931,Cerrado
779,-48.923333333333325,-12.153333333333334,0.0003000000000000583,Cerrado
780,-48.803333333333335,-12.153333333333334,0.0002999999999999872,Cerrado
781,-54.56999999999999,-12.16,9.999999999999574e-05,Amazonia
782,-57.026923076923055,-12.156923076923078,0.0013000000000000156,Amazonia
783,-51.648,-12.176000000000002,0.0009999999999998862,Amazonia
784,-55.17999999999999,-12.175,0.00019999999999995594,Amazonia
785,-51.60999999999999,-12.170000000000002,0.00010000000000003127,Amazonia
786,-49.63499999999999,-12.17,0.00019999999999999147,Cerrado
787,-55.286,-12.192,0.0005000000000000498,Amazonia
788,-51.61999999999999,-12.185,0.00020000000000009805,Amazonia
789,-51.599999999999994,-12.184999999999999,0.00019999999999981382,Amazonia
790,-51.272499999999994,-12.181666666666665,0.0011999999999998778,Cerrado
791,-45.701666666666675,-12.205833333333336,0.0011999999999999132,Cerrado
792,-55.344999999999985,-12.23,0.00019999999999999147,Amazonia
793,-51.848,-12.226000000000003,0.0005000000000000498,Amazonia
794,-57.311818181818204,-12.232727272727276,0.0011000000000001304,Amazonia
795,-51.75999999999999,-12.245000000000001,0.00019999999999995594,Amazonia
796,-51.90444444444444,-12.257777777777777,0.000899999999999926,Amazonia
797,-57.17666666666666,-12.266666666666667,0.00030000000000002274,Amazonia
798,-54.780909090909084,-12.271818181818182,0.001099999999999953,Amazonia
799,-52.79999999999999,-12.270000000000001,9.999999999999574e-05,Amazonia
800,-52.279999999999994,-12.28,0.00010000000000003127,Amazonia
801,-52.289999999999985,-12.289999999999997,9.999999999999574e-05,Amazonia
802,-49.76499999999999,-12.305000000000001,0.0003999999999999119,Cerrado
804,-45.58764705882353,-12.321764705882355,0.001699999999999963,Cerrado
805,-54.82499999999999,-12.325,0.0003999999999999119,Amazonia
806,-48.88499999999999,-12.33,0.00019999999999999147,Cerrado
807,-57.36833333333333,-12.358333333333334,0.000600000000000152,Amazonia
808,-45.625,-12.359999999999998,0.00020000000000006254,Cerrado
809,-45.604166666666664,-12.3825,0.0012000000000001619,Cerrado
810,-55.533333333333324,-12.386666666666665,0.0003000000000001293,Amazonia
811,-45.629999999999995,-12.4,0.00010000000000003127,Cerrado
812,-56.57,-12.41,9.999999999999574e-05,Amazonia
813,-52.69714285714285,-12.401428571428571,0.0007000000000001122,Amazonia
814,-44.725,-12.41,0.00019999999999999147,Cerrado
815,-44.375,-12.415,0.000400000000000054,Cerrado
816,-56.57999999999999,-12.42,9.999999999996021e-05,Amazonia
817,-52.02749999999999,-12.437500000000002,0.00040000000000016064,Amazonia
818,-44.36499999999999,-12.439999999999998,0.00039999999999998294,Cerrado
820,-55.3,-12.454999999999998,0.00019999999999995594,Amazonia
821,-51.78999999999998,-12.455999999999996,0.0005000000000000142,Amazonia
822,-49.86333333333332,-12.44666666666667,0.00029999999999995167,Cerrado
823,-51.989999999999995,-12.465,0.00019999999999981382,Amazonia
824,-49.849999999999994,-12.459999999999999,0.00010000000000003127,Cerrado
825,-49.36999999999999,-12.464999999999998,0.00019999999999995594,Cerrado
826,-56.5,-12.469999999999999,0.00010000000000006679,Amazonia
827,-55.28499999999998,-12.47,0.00020000000000006254,Amazonia
828,-54.35500000000001,-12.469999999999999,0.00019999999999999147,Amazonia
829,-45.39,-12.469999999999999,9.999999999999574e-05,Cerrado
830,-46.54999999999999,-12.48,9.999999999999574e-05,Cerrado
831,-45.37333333333333,-12.483333333333333,0.00030000000000002274,Cerrado
832,-42.72249999999998,-12.492499999999996,0.000799999999999895,Caatinga
833,-56.355000000000004,-12.495000000000001,0.0003999999999999119,Amazonia
834,-46.54,-12.49,9.999999999996021e-05,Cerrado
835,-46.236666666666665,-12.493333333333334,0.0003000000000000583,Cerrado
836,-55.509999999999984,-12.5,9.999999999999574e-05,Amazonia
837,-52.4,-12.504999999999997,0.00019999999999995594,Amazonia
838,-48.352999999999994,-12.495999999999999,0.0010000000000000996,Cerrado
840,-61.12999999999998,-12.515,0.00019999999999981382,Amazonia
841,-55.519999999999996,-12.51,9.999999999996021e-05,Amazonia
842,-52.389999999999986,-12.519999999999998,0.00010000000000006679,Amazonia
843,-51.98,-12.56,0.00010000000000003127,Amazonia
844,-51.79333333333333,-12.565555555555557,0.0008999999999998906,Amazonia
846,-51.757777777777775,-12.604444444444447,0.0008999999999998551,Amazonia
847,-45.392727272727264,-12.579090909090908,0.001099999999999953,Cerrado
848,-54.55,-12.6,9.999999999996021e-05,Amazonia
849,-49.172000000000004,-12.604000000000001,0.0005000000000000142,Cerrado
850,-56.821999999999996,-12.613999999999997,0.0004999999999999787,Amazonia
851,-55.87125,-12.618749999999999,0.0008000000000000013,Cerrado
852,-54.54,-12.61,9.999999999999574e-05,Amazonia
853,-54.55,-12.619999999999997,9.999999999996021e-05,Amazonia
854,-54.52999999999999,-12.625000000000002,0.00020000000000009805,Amazonia
855,-51.78000000000001,-12.628333333333334,0.0006000000000000454,Amazonia
856,-57.67999999999999,-12.63,9.999999999999574e-05,Amazonia
857,-56.809999999999995,-12.629999999999999,0.00010000000000006679,Amazonia
858,-54.56999999999999,-12.635,0.00019999999999999147,Amazonia
859,-56.81999999999999,-12.64,9.999999999999574e-05,Amazonia
860,-57.69500000000001,-12.639999999999997,0.0004000000000000895,Amazonia
861,-57.28666666666665,-12.64333333333333,0.0003000000000000228,Amazonia
862,-49.004999999999995,-12.645,0.0003999999999999119,Cerrado
863,-58.11,-12.65,0.00010000000000003127,Cerrado
864,-57.96666666666666,-12.653333333333332,0.00029999999999991616,Cerrado
865,-57.64499999999999,-12.653749999999999,0.0007999999999999304,Amazonia
866,-54.205,-12.65,0.00019999999999999147,Amazonia
867,-49.459999999999994,-12.65,9.999999999996021e-05,Cerrado
868,-52.205000000000005,-12.66,0.00020000000000006254,Amazonia
869,-51.97,-12.66,9.999999999999574e-05,Amazonia
870,-49.48000000000001,-12.6625,0.0004000000000000184,Cerrado
871,-51.97599999999999,-12.677,0.0009999999999999215,Amazonia
872,-55.419999999999995,-12.687500000000002,0.0008000000000001079,Amazonia
873,-51.92499999999999,-12.66666666666667,0.0006000000000001165,Amazonia
874,-61.53499999999999,-12.709999999999999,0.00019999999999999147,Amazonia
875,-52.062,-12.714,0.0005000000000000142,Amazonia
876,-57.184999999999995,-12.719999999999999,0.00019999999999999147,Amazonia
877,-56.900000000000006,-12.719999999999999,9.999999999999574e-05,Amazonia
878,-40.43230769230769,-12.709230769230773,0.0012999999999999444,Caatinga
879,-52.033333333333324,-12.733333333333336,0.00030000000000009376,Amazonia
880,-52.059999999999995,-12.740000000000002,0.00010000000000003127,Amazonia
881,-48.788000000000004,-12.764000000000005,0.0005000000000000142,Cerrado
883,-56.594999999999985,-12.78,0.00019999999999992043,Amazonia
884,-52.34166666666667,-12.801666666666664,0.0005999999999999744,Amazonia
885,-57.43999999999998,-12.82,9.999999999999574e-05,Amazonia
886,-57.42999999999999,-12.829999999999998,9.999999999996021e-05,Amazonia
887,-57.410000000000004,-12.835,0.00019999999999995594,Amazonia
888,-57.12499999999999,-12.829999999999998,0.00019999999999992043,Amazonia
889,-57.13666666666667,-12.846666666666664,0.00029999999999998723,Amazonia
890,-56.830000000000005,-12.84,0.00030000000000005825,Amazonia
891,-56.84999999999999,-12.85,9.999999999988916e-05,Amazonia
892,-56.839999999999996,-12.859999999999998,0.00010000000000006679,Amazonia
893,-52.43333333333334,-12.856666666666667,0.00029999999999995167,Amazonia
894,-56.84999999999999,-12.87,9.999999999988916e-05,Amazonia
897,-54.143333333333324,-12.893333333333336,0.00030000000000009376,Amazonia
899,-52.73,-12.9,0.00010000000000003127,Amazonia
901,-52.71999999999999,-12.91,9.999999999999574e-05,Amazonia
902,-55.16,-12.920000000000002,0.00029999999999995167,Amazonia
903,-52.440000000000005,-12.925,0.00039999999999998283,Amazonia
904,-45.25999999999999,-12.925,0.00019999999999995594,Cerrado
907,-52.0,-12.934999999999999,0.00020000000000009805,Amazonia
911,-45.243333333333325,-12.936666666666666,0.0003000000000000583,Cerrado
913,-55.18333333333333,-12.95333333333333,0.0002999999999999516,Amazonia
914,-49.71333333333334,-12.946666666666669,0.00029999999999995167,Cerrado
915,-43.88499999999999,-12.950000000000001,0.00020000000000006254,Caatinga
916,-45.785,-12.96,0.00019999999999999147,Cerrado
918,-52.370000000000005,-12.975,0.00020000000000013358,Amazonia
919,-43.895,-12.97,0.00019999999999999147,Caatinga
921,-52.402499999999996,-12.982499999999998,0.0004000000000000185,Amazonia
922,-45.81599999999999,-12.986999999999998,0.0009999999999999929,Cerrado
924,-57.361999999999995,-12.995999999999999,0.0005000000000001208,Amazonia
925,-49.54999999999999,-12.995000000000001,0.00019999999999995594,Cerrado
926,-49.52499999999999,-12.989999999999998,0.00019999999999999147,Cerrado
929,-57.379999999999995,-13.01,9.999999999988916e-05,Amazonia
930,-54.190000000000005,-13.009999999999998,9.999999999996021e-05,Amazonia
931,-49.53249999999999,-13.0125,0.0003999999999999474,Cerrado
932,-52.669999999999995,-13.03,0.0003000000000001648,Amazonia
933,-55.46249999999999,-13.023750000000001,0.0008000000000000013,Cerrado
934,-52.374999999999986,-13.036666666666665,0.0006000000000000455,Amazonia
935,-52.702307692307706,-13.023076923076928,0.0013000000000000507,Amazonia
936,-45.39599999999999,-13.036000000000001,0.0004999999999998721,Cerrado
937,-58.68333333333333,-13.04333333333333,0.00029999999999998723,Cerrado
938,-52.91,-13.045,0.00019999999999999147,Amazonia
939,-51.62,-13.05,0.00010000000000006679,Cerrado
940,-45.42999999999999,-13.052000000000001,0.0004999999999999787,Cerrado
942,-55.730000000000004,-13.060000000000002,0.00010000000000003127,Cerrado
944,-55.73999999999999,-13.07,9.999999999992468e-05,Cerrado
945,-57.830000000000005,-13.080000000000002,9.999999999996021e-05,Cerrado
946,-53.2225,-13.073749999999997,0.0007999999999998594,Amazonia
947,-57.81000000000001,-13.09,0.00010000000000006679,Cerrado
948,-55.108000000000004,-13.093999999999998,0.0004999999999999787,Amazonia
949,-53.089999999999996,-13.096000000000005,0.0005000000000000853,Amazonia
950,-58.875,-13.100000000000001,0.00019999999999992043,Cerrado
951,-55.62333333333334,-13.123333333333337,0.0002999999999999872,Cerrado
952,-57.671249999999986,-13.1275,0.0008000000000000013,Amazonia
953,-53.89666666666667,-13.133333333333333,0.00030000000000005825,Amazonia
954,-52.599999999999994,-13.129999999999999,9.999999999992468e-05,Amazonia
955,-55.64999999999999,-13.139999999999999,9.999999999999574e-05,Cerrado
956,-52.602307692307704,-13.129230769230766,0.0012999999999999802,Amazonia
957,-55.66,-13.150000000000002,9.999999999996021e-05,Cerrado
958,-56.93666666666667,-13.163333333333332,0.0002999999999999517,Amazonia
959,-52.515,-13.164999999999997,0.0003999999999999119,Amazonia
960,-56.24999999999999,-13.170000000000003,0.00010000000000003127,Amazonia
961,-53.855,-13.18,0.00039999999999991193,Amazonia
962,-52.870000000000005,-13.18,0.00010000000000006679,Amazonia
963,-52.56,-13.18,0.00010000000000006679,Amazonia
965,-52.84599999999999,-13.188,0.0004999999999998365,Amazonia
966,-49.544000000000004,-13.180000000000001,0.0004999999999998366,Cerrado
967,-53.10000000000001,-13.2,9.999999999992468e-05,Amazonia
968,-49.565,-13.200000000000001,0.00020000000000006254,Cerrado
969,-52.877,-13.207999999999998,0.0010000000000001705,Amazonia
970,-48.39999999999999,-13.205,0.00019999999999995594,Cerrado
971,-48.419999999999995,-13.22,0.00010000000000006679,Cerrado
972,-48.83,-13.235000000000001,0.00019999999999995594,Cerrado
973,-48.404999999999994,-13.229999999999999,0.00019999999999999147,Cerrado
974,-57.0,-13.24,0.00010000000000003127,Amazonia
975,-53.47642857142857,-13.242857142857144,0.0013999999999998692,Amazonia
976,-48.42,-13.24,0.00010000000000003127,Cerrado
977,-57.080000000000005,-13.250000000000002,0.00030000000000005825,Amazonia
978,-57.00999999999999,-13.250000000000002,9.999999999999574e-05,Amazonia
979,-56.269999999999996,-13.250000000000002,9.999999999999574e-05,Cerrado
980,-54.684999999999995,-13.260000000000002,0.0005999999999999033,Amazonia
981,-53.786666666666655,-13.263333333333334,0.0002999999999999872,Amazonia
982,-48.214999999999996,-13.260000000000002,0.00019999999999999147,Cerrado
983,-56.50999999999999,-13.27,0.00030000000000005825,Amazonia
984,-53.044999999999995,-13.298333333333332,0.0006000000000000812,Amazonia
985,-53.06999999999999,-13.3,9.999999999999574e-05,Amazonia
986,-53.06,-13.3,0.00010000000000006679,Amazonia
987,-52.406666666666666,-13.306666666666667,0.00029999999999991616,Cerrado
989,-54.93999999999999,-13.310000000000002,9.999999999996021e-05,Amazonia
991,-53.81,-13.31,0.00010000000000003127,Amazonia
992,-53.790000000000006,-13.310000000000002,9.999999999996021e-05,Amazonia
993,-53.06,-13.31,0.00010000000000003127,Amazonia
994,-43.690000000000005,-13.31,0.0002999999999998806,Caatinga
995,-57.88,-13.324999999999998,0.00019999999999981382,Cerrado
996,-57.724999999999994,-13.319999999999999,0.00020000000000006254,Cerrado
997,-54.955,-13.319999999999999,0.00020000000000006254,Amazonia
1001,-45.44,-13.329999999999997,9.999999999996021e-05,Cerrado
1002,-54.25999999999999,-13.347142857142858,0.0007000000000000056,Amazonia
1003,-53.90499999999998,-13.355,0.0003999999999999119,Amazonia
1004,-45.47,-13.35,9.999999999996021e-05,Cerrado
1005,-44.124,-13.354000000000003,0.0004999999999999431,Caatinga
1006,-57.851666666666674,-13.353333333333333,0.0006000000000000456,Cerrado
1007,-45.36,-13.360000000000001,9.999999999999574e-05,Cerrado
1008,-47.574999999999996,-13.37,0.00019999999999992043,Cerrado
1009,-45.44,-13.37,9.999999999996021e-05,Cerrado
1010,-45.36,-13.37,9.999999999996021e-05,Cerrado
1012,-57.59333333333334,-13.383333333333333,0.00030000000000005825,Cerrado
1013,-57.56499999999999,-13.379999999999997,0.00020000000000006254,Cerrado
1014,-54.99055555555555,-13.386666666666668,0.0017999999999999585,Cerrado
1015,-53.69,-13.379999999999997,9.999999999999574e-05,Amazonia
1016,-45.41628571428572,-13.367000000000004,0.007000000000000129,Cerrado
1017,-61.385,-13.39,0.00019999999999999147,Amazonia
1018,-53.679999999999986,-13.39,9.999999999999574e-05,Amazonia
1019,-47.62666666666667,-13.396666666666665,0.00030000000000005825,Cerrado
1020,-61.355000000000004,-13.4,0.00019999999999992043,Amazonia
1021,-56.535,-13.399999999999999,0.00019999999999999147,Amazonia
1022,-56.190000000000005,-13.4,9.999999999996021e-05,Cerrado
1023,-55.12066666666665,-13.385333333333332,0.001499999999999829,Cerrado
1024,-45.36,-13.4,9.999999999996021e-05,Cerrado
1025,-53.67333333333333,-13.406666666666665,0.00030000000000009376,Amazonia
1026,-45.36,-13.410000000000002,9.999999999999574e-05,Cerrado
1027,-53.15333333333334,-13.426666666666671,0.00029999999999995167,Amazonia
1028,-47.67500000000001,-13.435,0.0006000000000000098,Cerrado
1029,-45.423333333333346,-13.44555555555556,0.0008999999999999616,Cerrado
1030,-45.47124999999998,-13.46125,0.0008000000000000014,Cerrado
1031,-45.6205,-13.476000000000003,0.0019999999999997372,Cerrado
1033,-57.736000000000004,-13.488,0.0004999999999998365,Cerrado
1035,-54.945,-13.49,0.00019999999999999147,Cerrado
1037,-54.099999999999994,-13.504999999999999,0.00019999999999981382,Amazonia
1038,-57.75,-13.51,0.00010000000000003127,Cerrado
1039,-55.42333333333333,-13.516666666666666,0.00030000000000009376,Cerrado
1040,-54.95333333333333,-13.516666666666666,0.00030000000000009376,Cerrado
1041,-56.75999999999999,-13.53,9.999999999996021e-05,Amazonia
1042,-55.035,-13.534999999999998,0.000400000000000054,Cerrado
1044,-56.73,-13.545,0.00020000000000013358,Amazonia
1045,-49.074999999999996,-13.550000000000002,0.00019999999999999147,Cerrado
1046,-45.59285714285713,-13.542857142857141,0.0007000000000000768,Cerrado
1047,-53.894999999999996,-13.565000000000001,0.000400000000000054,Amazonia
1048,-53.57666666666666,-13.583333333333334,0.00029999999999991616,Amazonia
1050,-58.47,-13.614999999999997,0.00019999999999995594,Cerrado
1051,-53.589999999999996,-13.61,0.00010000000000006679,Amazonia
1052,-45.6,-13.613999999999997,0.0004999999999999788,Cerrado
1053,-52.38999999999999,-13.624999999999998,0.00020000000000009805,Cerrado
1055,-55.287500000000016,-13.647499999999999,0.00040000000000001845,Cerrado
1057,-45.55,-13.704999999999997,0.00019999999999995594,Cerrado
1059,-56.999999999999986,-13.714999999999996,0.00039999999999998305,Cerrado
1061,-54.915,-13.72,0.00020000000000006254,Cerrado
1062,-45.565,-13.72,0.00020000000000006254,Cerrado
1066,-53.243,-13.741999999999999,0.0009999999999999573,Cerrado
1067,-45.72999999999998,-13.765,0.00019999999999995594,Cerrado
1068,-58.383333333333326,-13.766666666666664,0.00029999999999988066,Cerrado
1070,-53.25999999999999,-13.774999999999999,0.00019999999999995594,Cerrado
1071,-58.4,-13.78,9.999999999996021e-05,Cerrado
1072,-59.265,-13.79,0.00019999999999999147,Cerrado
1073,-53.24999999999999,-13.79,0.00010000000000006679,Cerrado
1075,-56.52749999999998,-13.802500000000002,0.000800000000000179,Cerrado
1076,-52.35999999999999,-13.8075,0.0004000000000000185,Cerrado
1077,-57.8,-13.82,0.00030000000000005825,Cerrado
1078,-57.108,-13.819999999999999,0.0004999999999999787,Cerrado
1079,-56.61999999999999,-13.83,0.00010000000000003127,Cerrado
1080,-56.629999999999995,-13.839999999999998,9.999999999992468e-05,Cerrado
1081,-50.629999999999995,-13.84,0.00030000000000005825,Cerrado
1082,-50.651999999999994,-13.856000000000002,0.0004999999999999076,Cerrado
1083,-50.09499999999999,-13.85,0.00019999999999999147,Cerrado
1085,-57.81999999999999,-13.86,9.999999999999574e-05,Cerrado
1086,-56.724999999999994,-13.859999999999998,0.00020000000000006254,Amazonia
1087,-57.81,-13.87,0.00010000000000003127,Cerrado
1088,-54.39999999999999,-13.889999999999999,9.999999999999574e-05,Cerrado
1089,-56.64,-13.900000000000002,0.00010000000000003127,Amazonia
1090,-54.389999999999986,-13.900000000000002,0.00010000000000003127,Cerrado
1091,-56.63,-13.919999999999998,0.0002999999999997385,Amazonia
1093,-47.23500000000001,-13.950000000000003,0.00020000000000006254,Cerrado
1094,-51.06833333333333,-13.959999999999999,0.0006000000000000455,Cerrado
1095,-51.059999999999995,-13.959999999999996,0.00010000000000003127,Cerrado
1096,-51.04999999999999,-13.959999999999999,9.999999999996021e-05,Cerrado
1097,-56.955000000000005,-13.979999999999999,0.00020000000000006254,Cerrado
1098,-48.735,-13.989999999999998,0.00019999999999999147,Cerrado
1099,-48.709999999999994,-13.995,0.00020000000000009805,Cerrado
1101,-51.43499999999999,-14.01,0.00019999999999992043,Cerrado
1103,-51.407500000000006,-14.0175,0.0004000000000000185,Cerrado
1105,-46.74499999999999,-14.03,0.00019999999999999147,Cerrado
1107,-58.8890909090909,-14.052727272727271,0.0010999999999999534,Cerrado
1108,-56.40999999999999,-14.087142857142858,0.0006999999999999701,Cerrado
1109,-52.005,-14.088333333333336,0.0005999999999999389,Cerrado
1110,-50.77749999999999,-14.092499999999998,0.0004000000000000185,Cerrado
1111,-54.70666666666666,-14.103333333333333,0.0002999999999999872,Cerrado
1112,-50.379999999999995,-14.100000000000001,0.00010000000000003127,Cerrado
1113,-50.349999999999994,-14.104999999999999,0.00020000000000009805,Cerrado
1114,-52.91,-14.11,9.999999999999574e-05,Cerrado
1115,-50.795,-14.115,0.0003999999999999119,Cerrado
1116,-50.39000000000001,-14.11,9.999999999999574e-05,Cerrado
1117,-52.91999999999999,-14.119999999999997,0.00010000000000003127,Cerrado
1118,-52.88999999999999,-14.128333333333332,0.0005999999999999033,Cerrado
1119,-50.779999999999994,-14.129999999999999,0.00010000000000006679,Cerrado
1120,-52.91,-14.149999999999999,9.999999999996021e-05,Cerrado
1121,-44.53499999999999,-14.170000000000002,0.00019999999999999147,Caatinga
1122,-45.97333333333332,-14.171333333333335,0.0014999999999999714,Cerrado
1123,-58.65999999999999,-14.204999999999998,0.00039999999999998294,Cerrado
1124,-54.73166666666667,-14.21,0.0005999999999999745,Cerrado
1125,-46.919999999999995,-14.204999999999998,0.00020000000000009805,Cerrado
1126,-43.738333333333316,-14.193333333333332,0.0006000000000001165,Caatinga
1127,-58.477142857142844,-14.20142857142857,0.0006999999999999347,Cerrado
1128,-46.209999999999994,-14.21,0.00010000000000003127,Cerrado
1129,-58.940000000000005,-14.219999999999997,9.999999999999574e-05,Cerrado
1130,-43.735,-14.219999999999999,0.00020000000000006254,Caatinga
1131,-58.93,-14.235,0.00019999999999995594,Cerrado
1132,-58.35,-14.230000000000002,9.999999999992468e-05,Cerrado
1133,-54.74666666666668,-14.236666666666665,0.00029999999999998723,Cerrado
1134,-46.23,-14.225,0.000400000000000054,Cerrado
1135,-46.20999999999999,-14.230000000000002,0.00010000000000006679,Cerrado
1136,-43.754999999999995,-14.23,0.00019999999999999147,Caatinga
1137,-58.35,-14.240000000000004,9.999999999988916e-05,Cerrado
1139,-58.588750000000005,-14.291250000000003,0.0007999999999999659,Cerrado
1140,-52.074999999999996,-14.29,0.00019999999999999147,Cerrado
1141,-47.721428571428554,-14.282857142857143,0.0007000000000001479,Cerrado
1143,-54.71285714285714,-14.295714285714284,0.0007000000000001833,Cerrado
1144,-59.199999999999996,-14.31,0.00010000000000003127,Cerrado
1145,-58.339999999999996,-14.31,0.00010000000000003127,Cerrado
1146,-59.17999999999999,-14.319999999999999,0.00030000000000005825,Cerrado
1147,-58.25,-14.321250000000003,0.0007999999999999305,Cerrado
1148,-58.815263157894705,-14.318421052631578,0.001899999999999955,Cerrado
1149,-58.35306451612903,-14.294193548387094,0.006200000000000269,Cerrado
1150,-47.484615384615374,-14.325384615384614,0.00129999999999998,Cerrado
1151,-52.76499999999999,-14.34,0.00019999999999999147,Cerrado
1152,-50.39,-14.344999999999999,0.00039999999999998305,Cerrado
1153,-60.192,-14.374,0.0005000000000000142,Amazonia
1154,-58.90571428571427,-14.38142857142857,0.0007000000000000411,Cerrado
1155,-46.64999999999999,-14.38,9.999999999999574e-05,Cerrado
1156,-46.63333333333334,-14.393333333333336,0.00030000000000009376,Cerrado
1157,-47.504999999999995,-14.4,0.00039999999999991193,Cerrado
1158,-42.811249999999994,-14.408750000000001,0.0008000000000000013,Caatinga
1159,-44.294,-14.437999999999997,0.0004999999999999076,Caatinga
1160,-58.7290909090909,-14.453636363636361,0.001099999999999811,Cerrado
1161,-45.44999999999998,-14.440000000000001,9.999999999996021e-05,Cerrado
1162,-44.31999999999999,-14.440000000000001,9.999999999996021e-05,Caatinga
1163,-58.629999999999995,-14.45,9.999999999992468e-05,Cerrado
1164,-47.19499999999999,-14.454999999999998,0.0003999999999999119,Cerrado
1165,-45.44,-14.45,9.999999999999574e-05,Cerrado
1166,-44.330000000000005,-14.45,9.999999999999574e-05,Caatinga
1167,-44.31999999999999,-14.45,9.999999999999574e-05,Caatinga
1168,-44.29999999999999,-14.45,9.999999999999574e-05,Caatinga
1169,-58.62799999999999,-14.468,0.0005000000000001564,Cerrado
1170,-45.42999999999999,-14.465,0.00019999999999995594,Cerrado
1171,-44.30833333333334,-14.461666666666666,0.0006000000000000809,Caatinga
1172,-45.44999999999999,-14.475000000000001,0.00019999999999999147,Cerrado
1173,-54.77333333333332,-14.556666666666668,0.00029999999999998723,Cerrado
1174,-58.675,-14.594999999999999,0.000400000000000054,Cerrado
1175,-45.8642857142857,-14.607142857142854,0.0006999999999999703,Cerrado
1176,-45.72999999999998,-14.624999999999998,0.00019999999999995594,Cerrado
1177,-56.995000000000005,-14.704999999999998,0.0003999999999999119,Amazonia
1178,-52.09499999999999,-14.7,0.00019999999999999147,Cerrado
1179,-57.00999999999999,-14.719999999999997,9.999999999999574e-05,Amazonia
1180,-45.97049999999999,-14.726500000000001,0.0020000000000003054,Cerrado
1181,-45.18333333333333,-14.736666666666666,0.00029999999999991616,Cerrado
1182,-57.27999999999999,-14.77,0.00010000000000006679,Amazonia
1183,-57.33,-14.780000000000001,9.999999999996021e-05,Amazonia
1184,-57.289999999999985,-14.780000000000001,9.999999999996021e-05,Amazonia
1185,-57.31999999999999,-14.790000000000001,9.999999999999574e-05,Amazonia
1186,-46.71,-14.86,0.00010000000000006679,Cerrado
1187,-46.72,-14.87,9.999999999996021e-05,Cerrado
1188,-46.69999999999999,-14.87,9.999999999996021e-05,Cerrado
1189,-46.69,-14.879999999999999,9.999999999999574e-05,Cerrado
1190,-46.736666666666665,-14.883333333333335,0.0003000000000001294,Cerrado
1191,-46.69999999999998,-14.89,9.999999999999574e-05,Cerrado
1192,-47.685,-14.905,0.0003999999999999119,Cerrado
1193,-50.92,-14.961666666666666,0.00060000000000001,Cerrado
1194,-52.175,-15.0,0.00020000000000006254,Cerrado
1195,-48.785,-15.009999999999998,0.00019999999999999147,Cerrado
1196,-57.059999999999995,-15.024999999999999,0.00020000000000009805,Amazonia
1197,-52.269999999999996,-15.02,9.999999999999574e-05,Cerrado
1198,-46.83,-15.029999999999998,0.00029999999999995167,Cerrado
1199,-52.279999999999994,-15.03,0.00010000000000003127,Cerrado
1200,-54.315000000000005,-15.04,0.00020000000000006254,Cerrado
1201,-54.615,-15.059999999999997,0.0008000000000002856,Cerrado
1202,-55.98499999999999,-15.090000000000002,0.00019999999999999147,Cerrado
1203,-53.195,-15.110000000000001,0.00020000000000006254,Cerrado
1204,-53.21,-15.12,9.999999999996021e-05,Cerrado
1205,-48.949999999999996,-15.119999999999996,0.00010000000000003127,Cerrado
1206,-53.175,-15.128750000000004,0.0008000000000000725,Cerrado
1207,-48.94,-15.129999999999999,9.999999999999574e-05,Cerrado
1208,-47.03999999999999,-15.145,0.00019999999999995594,Cerrado
1209,-50.529999999999994,-15.200000000000001,0.00010000000000006679,Cerrado
1210,-43.539999999999985,-15.240000000000002,9.999999999996021e-05,Caatinga
1211,-59.85799999999998,-15.246,0.0004999999999999787,Amazonia
1212,-48.40454545454545,-15.232727272727272,0.0011000000000000953,Cerrado
1213,-53.59333333333333,-15.263333333333337,0.0002999999999999872,Cerrado
1214,-43.586666666666666,-15.266666666666666,0.00029999999999995167,Caatinga
1215,-53.61,-15.27,0.00010000000000006679,Cerrado
1216,-43.55999999999999,-15.254000000000001,0.0010000000000001705,Caatinga
1217,-43.539999999999985,-15.28,9.999999999996021e-05,Caatinga
1218,-51.54666666666666,-15.293333333333331,0.0002999999999999872,Cerrado
1219,-59.79642857142856,-15.30142857142857,0.0014000000000002602,Amazonia
1220,-53.76199999999998,-15.306,0.0004999999999999432,Cerrado
1222,-50.88666666666665,-15.346666666666666,0.00029999999999998723,Cerrado
1223,-57.544999999999995,-15.65,0.00019999999999992043,Amazonia
1224,-42.18333333333332,-15.713333333333331,0.00029999999999991616,Cerrado
1225,-55.28,-15.725000000000001,0.00020000000000013358,Cerrado
1226,-56.41666666666667,-15.736666666666666,0.00030000000000005825,Cerrado
1227,-43.224999999999994,-15.76,0.00019999999999992043,Caatinga
1228,-59.143750000000004,-15.842499999999994,0.0007999999999998239,Amazonia
1229,-58.085,-15.925000000000002,0.000400000000000054,Amazonia
1230,-59.349999999999994,-15.986363636363635,0.0010999999999999172,Amazonia
1231,-58.53199999999999,-16.016000000000002,0.0004999999999999432,Amazonia
1232,-51.55499999999999,-16.009999999999998,0.00019999999999999147,Cerrado
1233,-51.559999999999995,-16.029999999999998,0.00010000000000003127,Cerrado
1235,-59.78999999999999,-16.159999999999997,9.999999999996021e-05,Amazonia
1236,-47.55624999999999,-16.16,0.0007999999999998948,Cerrado
1237,-47.52999999999999,-16.18,0.00010000000000010231,Cerrado
1239,-59.81499999999999,-16.195,0.0007999999999998237,Amazonia
1240,-53.229166666666664,-16.19083333333333,0.0011999999999998067,Cerrado
1241,-45.19499999999999,-16.19,0.00019999999999992043,Cerrado
1242,-45.169999999999995,-16.19,0.00010000000000003127,Cerrado
1243,-45.17999999999999,-16.2,9.999999999996021e-05,Cerrado
1244,-51.98,-16.25,0.0003000000000000938,Cerrado
1245,-47.279999999999994,-16.32,0.00010000000000010231,Cerrado
1248,-46.2575,-16.3925,0.000400000000000054,Cerrado
1249,-46.099999999999994,-16.41,0.00029999999999995167,Cerrado
1250,-46.13499999999999,-16.419999999999998,0.0003999999999999119,Cerrado
1251,-45.71499999999999,-16.43,0.00020000000000013358,Cerrado
1252,-54.69,-16.459999999999997,9.999999999996021e-05,Cerrado
1253,-54.669999999999995,-16.48,0.00010000000000003127,Cerrado
1254,-44.55499999999999,-16.49,0.00019999999999999147,Cerrado
1255,-53.17000000000001,-16.550000000000004,0.00010000000000003127,Cerrado
1256,-53.17999999999999,-16.56,9.999999999996021e-05,Cerrado
1257,-55.66999999999998,-16.54875,0.000800000000000037,Pantanal
1258,-54.93999999999999,-16.580000000000002,9.999999999996021e-05,Cerrado
1259,-54.949999999999996,-16.59,0.00010000000000003127,Cerrado
1260,-54.48500000000001,-16.62,0.00019999999999992043,Cerrado
1262,-46.36999999999999,-16.885,0.00019999999999999147,Cerrado
1263,-51.31142857142857,-16.88857142857143,0.0007000000000002188,Cerrado
1264,-46.11999999999998,-17.09,9.999999999996021e-05,Cerrado
1265,-44.853333333333325,-17.08666666666667,0.0003000000000000228,Cerrado
1266,-46.129999999999995,-17.099999999999998,0.00010000000000003127,Cerrado
1267,-44.83,-17.102499999999996,0.00039999999999991193,Cerrado
1268,-46.425000000000004,-17.130000000000003,0.00019999999999999147,Cerrado
1269,-52.28999999999998,-17.164999999999992,0.000399999999999912,Cerrado
1270,-52.269999999999996,-17.169999999999995,9.999999999996021e-05,Cerrado
1271,-46.412222222222205,-17.16222222222222,0.0008999999999998549,Cerrado
1272,-47.584999999999994,-17.25,0.00020000000000006254,Cerrado
1273,-47.30333333333332,-17.263333333333335,0.00029999999999995167,Cerrado
1274,-50.10555555555555,-17.272222222222222,0.0008999999999997841,Cerrado
1275,-50.099999999999994,-17.27,0.00010000000000003127,Cerrado
1276,-55.08624999999999,-17.313749999999995,0.0008000000000002501,Pantanal
1277,-54.72714285714286,-17.30857142857143,0.0007000000000000056,Cerrado
1278,-44.989999999999995,-17.32,0.0003000000000001648,Cerrado
1279,-54.705000000000005,-17.330000000000002,0.00019999999999999147,Cerrado
1280,-45.00999999999999,-17.330000000000002,9.999999999996021e-05,Cerrado
1281,-54.176666666666655,-17.35333333333333,0.00030000000000002274,Cerrado
1282,-47.02499999999999,-17.359999999999996,0.0004000000000001961,Cerrado
1283,-54.71499999999999,-17.365,0.00039999999999998294,Cerrado
1284,-54.69,-17.38,9.999999999996021e-05,Cerrado
1285,-54.73999999999999,-17.39,9.999999999996021e-05,Cerrado
1286,-54.66833333333332,-17.383333333333336,0.0006000000000001876,Cerrado
1288,-55.28999999999999,-17.405,0.00019999999999992043,Pantanal
1289,-50.49666666666666,-17.406666666666673,0.00029999999999995167,Cerrado
1290,-50.47999999999999,-17.400000000000002,9.999999999996021e-05,Cerrado
1292,-55.28,-17.419999999999998,0.00010000000000003127,Pantanal
1293,-47.425000000000004,-17.459999999999997,0.00019999999999999147,Cerrado
1298,-43.815,-17.52,0.00019999999999999147,Cerrado
1299,-45.485,-17.54,0.00020000000000013358,Cerrado
1301,-50.7075,-17.61,0.0008000000000001081,Cerrado
1302,-47.08666666666666,-17.606666666666666,0.00030000000000002274,Cerrado
1304,-55.38666666666667,-17.611666666666668,0.0005999999999999035,Pantanal
1306,-46.44999999999999,-17.627999999999997,0.0004999999999999432,Cerrado
1307,-44.667500000000004,-17.6425,0.0004000000000001251,Cerrado
1309,-51.574999999999996,-17.72,0.00020000000000006254,Cerrado
1310,-47.044999999999995,-17.74,0.00019999999999992043,Cerrado
1311,-47.035,-17.76,0.00019999999999999147,Cerrado
1313,-46.184999999999995,-17.830000000000005,0.00019999999999992043,Cerrado
1314,-51.73999999999999,-17.865,0.00019999999999984936,Cerrado
1315,-47.33999999999999,-17.875,0.00039999999999991193,Cerrado
1317,-50.41,-17.970000000000002,0.00029999999999995167,Cerrado
1318,-56.37999999999999,-18.059999999999995,9.999999999988916e-05,Pantanal
1319,-56.349999999999994,-18.069999999999997,9.999999999996021e-05,Pantanal
1320,-56.36500000000001,-18.080000000000002,0.0004000000000001961,Pantanal
1322,-54.279999999999994,-18.180000000000003,0.0003000000000001648,Cerrado
1323,-50.99,-18.199999999999996,0.00010000000000003127,Cerrado
1325,-50.319999999999986,-18.285,0.00019999999999999147,Cerrado
1326,-50.289999999999985,-18.279999999999994,9.999999999996021e-05,Cerrado
1327,-50.285999999999994,-18.3,0.0005000000000000852,Cerrado
1328,-52.522499999999994,-18.3775,0.0003999999999999829,Cerrado
1329,-51.58,-18.385,0.00019999999999999147,Cerrado
1330,-44.87499999999999,-18.39,0.00020000000000013358,Cerrado
1331,-43.944999999999986,-18.400000000000002,0.00019999999999992043,Cerrado
1332,-43.934999999999995,-18.43,0.00020000000000006254,Cerrado
1333,-50.14499999999999,-18.51,0.00019999999999992043,Cerrado
1334,-56.60857142857143,-18.597142857142856,0.0006999999999998636,Pantanal
1335,-52.50285714285715,-18.65714285714286,0.0006999999999997215,Cerrado
1336,-54.193999999999996,-18.698,0.0005000000000000141,Cerrado
1338,-53.15999999999999,-18.794999999999998,0.00019999999999999147,Cerrado
1339,-53.12499999999999,-18.79,0.00020000000000006254,Cerrado
1340,-53.00499999999999,-18.799999999999994,0.0009999999999998862,Cerrado
1341,-56.93333333333332,-19.02333333333333,0.0002999999999998806,Pantanal
1342,-56.94,-19.029999999999998,9.999999999996021e-05,Pantanal
1343,-56.94777777777776,-19.05111111111111,0.0009000000000001392,Pantanal
1344,-45.185,-19.15,0.00020000000000006254,Cerrado
1345,-57.22000000000001,-19.27,9.999999999996021e-05,Pantanal
1346,-57.209999999999994,-19.279999999999998,9.999999999996021e-05,Pantanal
1347,-56.37999999999999,-19.389999999999997,9.999999999988916e-05,Pantanal
1348,-56.38999999999999,-19.4,0.00010000000000010231,Pantanal
1349,-57.01999999999999,-19.439999999999998,0.00010000000000003127,Pantanal
1350,-57.03,-19.434999999999995,0.0006000000000000455,Pantanal
1351,-57.00666666666665,-19.443333333333324,0.0006000000000001165,Pantanal
1352,-57.959999999999994,-19.51,0.0003000000000001648,Pantanal
1353,-57.904545454545435,-19.627727272727267,0.0022000000000001203,Pantanal
1354,-57.89999999999999,-19.63,9.999999999996021e-05,Pantanal
1355,-43.93999999999999,-19.689999999999998,0.00010000000000003127,Cerrado
1357,-49.175000000000004,-19.724999999999998,0.0004000000000001251,Cerrado
1359,-57.47454545454544,-19.740909090909096,0.0010999999999999175,Pantanal
1360,-47.72999999999999,-19.81,9.999999999996021e-05,Mata Atlantica
1361,-47.739999999999995,-19.825,0.00020000000000013358,Mata Atlantica
1362,-48.05499999999999,-19.91,0.00019999999999999147,Mata Atlantica
1363,-54.16374999999999,-19.92,0.0007999999999997527,Cerrado
1365,-55.295,-19.98,0.00019999999999992043,Cerrado
1366,-47.94199999999999,-19.985999999999997,0.0004999999999998011,Mata Atlantica
1367,-54.104000000000006,-20.016,0.0005000000000000142,Cerrado
1369,-46.78999999999999,-20.12,0.00010000000000003127,Cerrado
1370,-46.77199999999999,-20.135999999999996,0.0004999999999999432,Cerrado
1371,-46.75,-20.13,9.999999999996021e-05,Cerrado
1372,-49.38499999999999,-20.169999999999998,0.00019999999999999147,Cerrado
1373,-56.08,-20.179999999999996,9.999999999996021e-05,Cerrado
1374,-56.07,-20.194999999999993,0.00019999999999999147,Cerrado
1375,-49.355,-20.2,0.00019999999999999147,Cerrado
1377,-48.17,-20.279999999999998,0.00010000000000003127,Mata Atlantica
1378,-42.983333333333334,-20.42333333333333,0.00029999999999995167,Mata Atlantica
1381,-43.77999999999999,-20.549999999999994,0.00010000000000010231,Mata Atlantica
1382,-48.18999999999999,-20.749999999999996,0.0006999999999999346,Mata Atlantica
1383,-48.94,-20.959999999999997,9.999999999996021e-05,Mata Atlantica
1384,-44.985,-21.06,0.00019999999999999147,Mata Atlantica
1386,-50.199999999999996,-21.074999999999996,0.00020000000000013358,Mata Atlantica
1387,-51.23,-21.109999999999996,0.00010000000000003127,Mata Atlantica
1388,-45.444999999999986,-21.259999999999998,0.00020000000000006254,Mata Atlantica
1389,-49.684999999999995,-21.55,0.00019999999999992043,Mata Atlantica
1391,-54.175,-21.68,0.00019999999999999147,Cerrado
1392,-51.567499999999995,-21.73,0.0007999999999999659,Mata Atlantica
1393,-50.3,-21.830000000000002,0.00010000000000003127,Mata Atlantica
1394,-50.29333333333332,-21.856666666666666,0.00029999999999988066,Mata Atlantica
1395,-49.49333333333332,-21.863333333333326,0.0003000000000000938,Mata Atlantica
1397,-49.589999999999996,-21.88,9.999999999996021e-05,Mata Atlantica
1398,-49.59999999999999,-21.889999999999993,0.00010000000000003127,Mata Atlantica
1400,-48.029999999999994,-21.939999999999998,0.00010000000000010231,Cerrado
1401,-49.315,-21.97,0.00020000000000013358,Mata Atlantica
1402,-49.29999999999999,-21.98,9.999999999996021e-05,Mata Atlantica
1403,-41.50999999999999,-21.999999999999996,9.999999999996021e-05,Mata Atlantica
1404,-49.40124999999999,-22.007499999999997,0.0008000000000000369,Mata Atlantica
1405,-41.455,-22.009999999999994,0.00020000000000013358,Mata Atlantica
1407,-41.44,-22.025,0.00019999999999992043,Mata Atlantica
1408,-49.404999999999994,-22.040000000000003,0.00020000000000006254,Mata Atlantica
1410,-54.389999999999986,-22.09,0.00010000000000003127,Mata Atlantica
1411,-54.379999999999995,-22.099999999999998,9.999999999988916e-05,Mata Atlantica
1412,-41.425,-22.109999999999996,0.00019999999999999147,Mata Atlantica
1413,-55.205,-22.16,0.00019999999999999147,Cerrado
1414,-55.23,-22.165,0.00020000000000006254,Cerrado
1418,-50.08999999999999,-22.474999999999998,0.00019999999999999147,Cerrado
1419,-53.26444444444445,-22.525555555555556,0.0008999999999999969,Mata Atlantica
1420,-50.724999999999994,-22.509999999999998,0.00020000000000006254,Cerrado
1421,-53.29999999999999,-22.529999999999998,9.999999999996021e-05,Mata Atlantica
1422,-53.28999999999999,-22.54,0.00010000000000003127,Mata Atlantica
1424,-51.39,-22.68,0.00010000000000003127,Mata Atlantica
1425,-52.05999999999999,-22.689999999999994,0.0003000000000001648,Mata Atlantica
1426,-51.400000000000006,-22.689999999999998,0.00010000000000003127,Mata Atlantica
1427,-52.075,-22.709999999999997,0.00019999999999992043,Mata Atlantica
1429,-52.379999999999995,-22.77,0.0004999999999999432,Mata Atlantica
1430,-52.40999999999999,-22.78,9.999999999996021e-05,Mata Atlantica
1431,-52.20333333333332,-22.83666666666666,0.0003000000000000938,Mata Atlantica
1432,-43.71,-22.884999999999998,0.00039999999999998294,Mata Atlantica
1434,-52.934999999999995,-22.929999999999996,0.00019999999999992043,Mata Atlantica
1435,-43.75,-22.929999999999996,9.999999999996021e-05,Mata Atlantica
1436,-51.919999999999995,-22.944999999999997,0.00020000000000013358,Mata Atlantica
1437,-51.894999999999996,-22.94,0.00020000000000013358,Mata Atlantica
1438,-52.08999999999999,-22.999999999999993,0.0005000000000000142,Mata Atlantica
1439,-51.66499999999999,-23.134999999999998,0.00039999999999998294,Mata Atlantica
1441,-54.175999999999995,-23.171999999999997,0.0004999999999999432,Mata Atlantica
1442,-52.675,-23.21333333333334,0.0006000000000000454,Mata Atlantica
1443,-53.55,-23.255,0.00040000000000005407,Mata Atlantica
1444,-52.730000000000004,-23.264999999999997,0.00020000000000013358,Mata Atlantica
1445,-53.46999999999999,-23.275,0.00019999999999992043,Mata Atlantica
1446,-52.71000000000001,-23.28,0.00029999999999995167,Mata Atlantica
1447,-52.82499999999999,-23.389999999999993,0.00019999999999992043,Mata Atlantica
1448,-53.794999999999995,-23.459999999999997,0.00019999999999992043,Mata Atlantica
1454,-53.21,-23.974999999999998,0.00019999999999999147,Mata Atlantica
1455,-53.84,-24.009999999999998,0.00010000000000010231,Mata Atlantica
1457,-53.849999999999994,-24.02,9.999999999988916e-05,Mata Atlantica
1458,-53.87499999999999,-24.029999999999994,0.00019999999999992043,Mata Atlantica
1467,-51.67999999999999,-25.15,0.0003000000000001648,Mata Atlantica
1468,-50.75,-25.154999999999998,0.00019999999999999147,Mata Atlantica
1470,-52.885,-25.5,0.00019999999999992043,Mata Atlantica
1473,-49.809999999999995,-26.035,0.00020000000000013358,Mata Atlantica
1474,-52.29333333333331,-26.306666666666665,0.00029999999999988066,Mata Atlantica
1477,-52.4,-26.514999999999997,0.00019999999999999147,Mata Atlantica
1479,-50.849999999999994,-26.764999999999997,0.00020000000000013358,Mata Atlantica
1481,-51.169999999999995,-26.769999999999996,0.0007000000000000769,Mata Atlantica
1482,-50.86,-26.78,9.999999999996021e-05,Mata Atlantica
1483,-50.87,-26.789999999999996,0.00010000000000003127,Mata Atlantica
1487,-52.09999999999999,-26.915000000000003,0.00019999999999977832,Mata Atlantica
1488,-50.894999999999996,-27.09,0.00019999999999992043,Mata Atlantica
1489,-51.70714285714285,-27.09999999999999,0.0006999999999998635,Mata Atlantica
1504,-48.99499999999999,-27.999999999999996,0.00019999999999999147,Mata Atlantica
1527,-49.254999999999995,-28.700000000000003,0.00019999999999992043,Mata Atlantica
1556,-56.19799999999999,-29.143999999999995,0.0005000000000000852,Pampa
1559,-56.169999999999995,-29.174999999999997,0.00020000000000006254,Pampa
1567,-56.39,-29.349999999999994,0.00010000000000003127,Pampa
1570,-56.39999999999999,-29.359999999999996,9.999999999996021e-05,Pampa
1571,-56.36999999999999,-29.3625,0.00040000000000005396,Pampa
1602,-56.045,-29.569999999999993,0.00019999999999992043,Pampa
1604,-56.06,-29.58,0.00010000000000010231,Pampa
1610,-51.27999999999999,-29.689999999999998,0.00010000000000010231,Mata Atlantica
1612,-51.269999999999996,-29.700000000000003,9.999999999996021e-05,Mata Atlantica
1615,-52.59624999999999,-29.73875,0.0007999999999998948,Mata Atlantica
1616,-51.48,-29.73,0.00010000000000003127,Pampa
1617,-51.50999999999999,-29.74,9.999999999996021e-05,Pampa
1618,-51.47,-29.74,9.999999999996021e-05,Pampa
1622,-51.514999999999986,-29.779999999999998,0.00019999999999992043,Pampa
1624,-51.494285714285695,-29.77142857142857,0.0006999999999999346,Pampa
1626,-51.519999999999996,-29.8,0.00029999999999995167,Pampa
1658,-51.9675,-30.462500000000006,0.0003999999999999829,Pampa
1659,-52.86499999999999,-30.490000000000002,0.00020000000000006254,Pampa
1663,-52.76,-30.590000000000003,9.999999999996021e-05,Pampa
1667,-53.21,-30.7,9.999999999996021e-05,Pampa
1669,-53.23454545454545,-30.71181818181818,0.001099999999999989,Pampa
1670,-52.485,-30.729999999999993,0.00019999999999992043,Pampa
1671,-52.36499999999999,-30.729999999999993,0.00020000000000006254,Pampa
1672,-54.45,-30.825000000000006,0.00040000000000012503,Pampa
1673,-54.47,-30.84,9.999999999996021e-05,Pampa
1676,-52.28999999999999,-30.91,9.999999999996021e-05,Pampa
1677,-52.300000000000004,-30.919999999999995,9.999999999996021e-05,Pampa
1678,-52.246666666666684,-30.936666666666664,0.0005999999999998323,Pampa
1679,-52.27499999999999,-30.945,0.0004000000000001251,Pampa
1680,-51.584999999999994,-31.040000000000003,0.00020000000000013358,Pampa
1681,-51.57,-31.050000000000004,9.999999999996021e-05,Pampa
1682,-51.58499999999999,-31.06,0.00019999999999999147,Pampa
1716,-52.547499999999985,-31.9625,0.00039999999999998294,Pampa
1725,-53.179999999999986,-32.26166666666666,0.0006000000000001165,Pampa
